Date,RVar Targets
2000-01-18,1.1732900143
2000-01-19,0.6290000081
2000-01-20,1.5984400511
2000-01-21,0.7310000062
2000-01-24,2.7663800716
2000-01-25,1.6407200098
2000-01-26,0.8730000257
2000-01-27,1.7403800488
2000-01-28,2.9119899273
2000-01-31,1.8845399618
2000-02-01,1.2458699942
2000-02-02,1.4576100111
2000-02-03,1.4441399574
2000-02-04,1.0079900026
2000-02-07,0.9169999957
2000-02-08,0.8339999914
2000-02-09,0.9720000029
2000-02-10,1.0619900227
2000-02-11,1.4807300568
2000-02-14,1.0697499514
2000-02-15,1.27026999
2000-02-16,0.9670000076
2000-02-17,2.4463698864
2000-02-18,1.7473800182
2000-02-22,2.2171499729
2000-02-23,1.5926599503
2000-02-24,3.6177299023
2000-02-25,3.0019800663
2000-02-28,3.3440198898
2000-02-29,1.4489200115
2000-03-01,1.4155600071
2000-03-02,1.0219899416
2000-03-03,2.006939888
2000-03-06,0.9250000119
2000-03-07,5.9119701386
2000-03-08,1.3207199574
2000-03-09,1.5120199919
2000-03-10,1.874639988
2000-03-13,4.9335298538
2000-03-14,1.7171599865
2000-03-15,1.9765000343
2000-03-16,3.5406999588
2000-03-20,1.0645799637
2000-03-21,1.4342399836
2000-03-22,0.9129999876
2000-03-23,1.6123000383
2000-03-24,1.6782699823
2000-03-27,0.9660000205
2000-03-29,1.3306100369
2000-03-30,1.985460043
2000-03-31,1.964920044
2000-04-03,2.3750200272
2000-04-04,9.9431400299
2000-04-05,3.0716900826
2000-04-06,1.4163899422
2000-04-07,1.0226299763
2000-04-10,1.1847800016
2000-04-11,2.4822900295
2000-04-12,1.2560700178
2000-04-13,3.0947499275
2000-04-14,9.2461099625
2000-04-17,5.3515300751
2000-04-18,1.9625500441
2000-04-19,1.4541900158
2000-04-20,0.7459999919
2000-04-24,3.6022999287
2000-04-25,1.3794000149
2000-04-26,1.1246600151
2000-04-27,3.7890799046
2000-04-28,1.5468699932
2000-05-01,0.9480000138
2000-05-02,0.9959999919
2000-05-03,2.0214500427
2000-05-04,0.9350000024
2000-05-05,1.1728899479
2000-05-08,0.6460000277
2000-05-09,1.3270499706
2000-05-10,1.830270052
2000-05-11,1.4140599966
2000-05-12,0.7160000205
2000-05-15,0.648999989
2000-05-16,1.7936500311
2000-05-17,1.9985500574
2000-05-18,0.5049999952
2000-05-19,1.3712300062
2000-05-22,2.3861598969
2000-05-23,1.0099799633
2000-05-24,1.8601599932
2000-05-25,1.8446099758
2000-05-26,1.2686799765
2000-05-30,1.3741999865
2000-05-31,0.9670000076
2000-06-01,0.753000021
2000-06-02,1.9521499872
2000-06-05,0.6650000215
2000-06-06,0.9139999747
2000-06-07,0.6179999709
2000-06-08,0.9470000267
2000-06-09,0.6970000267
2000-06-12,0.3880000114
2000-06-13,0.7129999995
2000-06-14,0.8560000062
2000-06-15,0.8949999809
2000-06-16,0.5920000076
2000-06-19,0.9369999766
2000-06-20,0.7979999781
2000-06-21,0.6309999824
2000-06-22,0.8100000024
2000-06-23,0.8119999766
2000-06-26,0.9689999819
2000-06-27,0.5019999743
2000-06-28,0.7400000095
2000-06-29,1.6827199459
2000-06-30,0.6460000277
2000-07-05,0.6449999809
2000-07-06,0.5419999957
2000-07-07,0.3819999993
2000-07-10,0.3529999852
2000-07-11,0.7950000167
2000-07-12,0.5199999809
2000-07-13,0.4909999967
2000-07-14,0.3889999986
2000-07-17,0.3140000105
2000-07-18,0.4679999948
2000-07-19,0.6100000143
2000-07-20,1.0039000511
2000-07-21,0.3729999959
2000-07-24,0.4659999907
2000-07-25,0.5429999828
2000-07-26,0.7749999762
2000-07-27,1.3428599834
2000-07-28,1.1631100178
2000-07-31,0.5360000134
2000-08-01,0.6050000191
2000-08-02,0.5199999809
2000-08-03,0.8600000143
2000-08-04,0.6629999876
2000-08-07,0.4079999924
2000-08-08,0.4149999917
2000-08-09,0.4959999919
2000-08-10,0.4230000079
2000-08-11,0.4029999971
2000-08-14,0.3310000002
2000-08-15,0.3829999864
2000-08-16,0.3779999912
2000-08-17,0.4210000038
2000-08-18,0.375
2000-08-21,0.2290000021
2000-08-22,0.3179999888
2000-08-23,0.3190000057
2000-08-24,0.2080000043
2000-08-25,0.2709999979
2000-08-28,0.248999998
2000-08-29,0.2960000038
2000-08-30,0.4090000093
2000-08-31,0.5580000281
2000-09-01,0.5299999714
2000-09-05,0.3779999912
2000-09-06,0.9769999981
2000-09-07,0.4810000062
2000-09-08,0.4300000072
2000-09-11,0.5120000243
2000-09-12,0.6909999847
2000-09-13,0.4539999962
2000-09-14,0.3019999862
2000-09-15,0.4990000129
2000-09-18,0.4799999893
2000-09-19,0.5550000072
2000-09-20,1.0930299759
2000-09-21,0.8889999986
2000-09-22,1.9744999409
2000-09-25,0.5789999962
2000-09-26,1.2282099724
2000-09-27,1.0314099789
2000-09-28,0.6750000119
2000-09-29,1.0780999661
2000-10-02,1.0439399481
2000-10-03,0.976000011
2000-10-04,0.7810000181
2000-10-05,0.5939999819
2000-10-06,1.2369099855
2000-10-09,0.5310000181
2000-10-10,1.1569600105
2000-10-11,2.5506799221
2000-10-12,4.5176701546
2000-10-13,1.0730700493
2000-10-16,0.8259999752
2000-10-17,1.4677900076
2000-10-18,9.983130455
2000-10-20,1.4443700314
2000-10-23,1.0812900066
2000-10-24,1.224249959
2000-10-25,1.4867700338
2000-10-26,2.0338099003
2000-10-27,1.2039500475
2000-10-30,0.9980000257
2000-10-31,0.4659999907
2000-11-01,0.6719999909
2000-11-02,0.5749999881
2000-11-03,0.7220000029
2000-11-06,0.5749999881
2000-11-07,0.3560000062
2000-11-08,1.0178500414
2000-11-09,3.09375
2000-11-10,1.5942300558
2000-11-13,2.7722599506
2000-11-14,1.9784499407
2000-11-15,1.1848299503
2000-11-16,0.7429999709
2000-11-17,1.7650799751
2000-11-20,0.9720000029
2000-11-21,0.7599999905
2000-11-22,1.8914599419
2000-11-24,0.6349999905
2000-11-27,1.6475800276
2000-11-28,1.0487799645
2000-11-29,1.1703699827
2000-11-30,2.9227800369
2000-12-01,1.3413300514
2000-12-04,1.4326399565
2000-12-05,1.3466000557
2000-12-06,1.9088900089
2000-12-07,0.6499999762
2000-12-08,1.8770500422
2000-12-11,0.8270000219
2000-12-12,0.5759999752
2000-12-13,1.6564199925
2000-12-14,1.4252099991
2000-12-15,1.9044500589
2000-12-18,1.9745899439
2000-12-19,2.3809700012
2000-12-20,3.3170099258
2000-12-21,1.5784100294
2000-12-22,0.7519999743
2000-12-26,0.5059999824
2000-12-27,0.7329999805
2000-12-28,0.4659999907
2000-12-29,0.773999989
2001-01-02,2.0367701054
2001-01-03,9.0707101822
2001-01-04,1.2331199646
2001-01-05,2.1016099453
2001-01-09,1.0475000143
2001-01-10,1.3490799666
2001-01-11,0.6940000057
2001-01-12,1.0297600031
2001-01-16,0.7820000052
2001-01-17,0.949000001
2001-01-18,1.0234600306
2001-01-19,0.8140000105
2001-01-22,0.6510000229
2001-01-23,0.6240000129
2001-01-24,0.6000000238
2001-01-25,0.7639999986
2001-01-26,0.5910000205
2001-01-29,0.3589999974
2001-01-30,0.4250000119
2001-01-31,1.0989199877
2001-02-01,0.7120000124
2001-02-02,0.6439999938
2001-02-05,0.4079999924
2001-02-06,0.3129999936
2001-02-07,0.7559999824
2001-02-08,0.3650000095
2001-02-09,0.4280000031
2001-02-12,0.474999994
2001-02-13,0.5809999704
2001-02-14,0.6409999728
2001-02-15,0.4079999924
2001-02-16,0.8970000148
2001-02-20,0.6549999714
2001-02-21,1.0819599628
2001-02-22,2.9456300736
2001-02-23,2.6279799938
2001-02-26,0.8119999766
2001-02-27,0.6079999805
2001-02-28,1.6204099655
2001-03-01,2.1883499622
2001-03-02,1.7862700224
2001-03-05,0.6560000181
2001-03-06,0.8320000172
2001-03-07,0.746999979
2001-03-09,2.0574200153
2001-03-12,3.5390000343
2001-03-13,2.8546099663
2001-03-14,10.0539398193
2001-03-15,2.1235699654
2001-03-16,1.8436900377
2001-03-19,1.3244199753
2001-03-20,2.6119699478
2001-03-22,7.2622499466
2001-03-23,3.7215399742
2001-03-26,2.3334701061
2001-03-27,1.4743000269
2001-03-28,3.0294499397
2001-03-29,2.9923400879
2001-03-30,2.2262299061
2001-04-03,3.1037099361
2001-04-04,4.1198501587
2001-04-05,4.0842900276
2001-04-06,4.5770201683
2001-04-09,1.648360014
2001-04-10,1.9754600525
2001-04-11,2.0125598908
2001-04-12,1.4412100315
2001-04-16,1.1378699541
2001-04-17,1.7195500135
2001-04-19,0.8960000277
2001-04-20,1.0523999929
2001-04-23,0.6110000014
2001-04-24,0.7480000257
2001-04-25,1.0546599627
2001-04-26,0.8650000095
2001-04-27,1.3593599796
2001-04-30,0.7519999743
2001-05-01,0.7179999948
2001-05-02,1.0011700392
2001-05-03,1.0814199448
2001-05-04,2.0369501114
2001-05-07,0.7710000277
2001-05-08,0.7879999876
2001-05-09,0.7039999962
2001-05-10,1.0077699423
2001-05-11,0.7720000148
2001-05-14,0.3560000062
2001-05-15,0.9190000296
2001-05-16,1.0881400108
2001-05-17,0.9850000143
2001-05-18,0.5360000134
2001-05-21,0.628000021
2001-05-22,0.4860000014
2001-05-23,0.72299999
2001-05-24,0.7070000172
2001-05-25,0.4410000145
2001-05-29,0.6750000119
2001-05-30,0.7279999852
2001-05-31,0.6830000281
2001-06-01,0.6560000181
2001-06-04,0.4309999943
2001-06-05,0.5400000215
2001-06-06,0.6069999933
2001-06-07,0.6380000114
2001-06-08,0.4629999995
2001-06-11,0.4009999931
2001-06-12,0.8679999709
2001-06-13,0.5450000167
2001-06-14,0.8159999847
2001-06-15,1.0859600306
2001-06-18,0.6980000138
2001-06-19,1.1791199446
2001-06-20,1.0939099789
2001-06-21,0.8259999752
2001-06-22,0.6470000148
2001-06-25,0.5879999995
2001-06-26,1.0266900063
2001-06-27,0.878000021
2001-06-28,1.4058799744
2001-06-29,0.6880000234
2001-07-02,0.4939999878
2001-07-03,0.2029999942
2001-07-05,0.4440000057
2001-07-06,0.9049999714
2001-07-09,0.5669999719
2001-07-10,0.8399999738
2001-07-11,1.3656200171
2001-07-12,0.7099999785
2001-07-13,0.5180000067
2001-07-16,0.6800000072
2001-07-17,0.8769999743
2001-07-18,1.1535099745
2001-07-19,1.5720200539
2001-07-20,0.625
2001-07-23,0.8619999886
2001-07-24,1.0717400312
2001-07-25,0.8299999833
2001-07-26,0.9010000229
2001-07-27,0.5450000167
2001-07-30,0.4309999943
2001-07-31,0.5970000029
2001-08-01,0.5619999766
2001-08-02,0.8059999943
2001-08-03,0.72299999
2001-08-06,0.4329999983
2001-08-07,0.3840000033
2001-08-08,0.94599998
2001-08-09,1.0198899508
2001-08-10,1.2813999653
2001-08-13,0.5080000162
2001-08-14,0.6850000024
2001-08-15,0.6690000296
2001-08-16,0.9720000029
2001-08-17,0.9070000052
2001-08-20,0.47299999
2001-08-21,0.0903000012
2001-08-23,0.3219999969
2001-08-24,0.9520000219
2001-08-27,0.3930000067
2001-08-28,0.7429999709
2001-08-29,1.085950017
2001-08-30,1.8001500368
2001-08-31,1.2646299601
2001-09-04,1.7635799646
2001-09-05,2.3685600758
2001-09-06,2.9095799923
2001-09-07,3.5373399258
2001-09-10,0.5920000076
2001-09-17,9.6317396164
2001-09-18,1.335160017
2001-09-19,5.3702001572
2001-09-20,6.5204401016
2001-09-21,17.4182300568
2001-09-24,9.1434202194
2001-09-25,2.0230100155
2001-09-26,1.6278899908
2001-09-27,2.1991701126
2001-09-28,2.3985199928
2001-10-01,1.4584499598
2001-10-02,1.3089799881
2001-10-03,2.5821900368
2001-10-04,1.9972000122
2001-10-05,2.5909500122
2001-10-09,1.0605700016
2001-10-10,1.4830000401
2001-10-11,1.9231699705
2001-10-12,4.0352702141
2001-10-15,1.1804599762
2001-10-16,0.9639999866
2001-10-17,2.448800087
2001-10-18,1.0329999924
2001-10-19,0.7269999981
2001-10-22,0.90200001
2001-10-23,1.5591299534
2001-10-25,2.6036999226
2001-10-26,1.7547899485
2001-10-29,1.7846200466
2001-10-30,1.9424699545
2001-10-31,1.4036400318
2001-11-01,1.8916499615
2001-11-02,1.1801999807
2001-11-05,1.215749979
2001-11-06,1.5061899424
2001-11-07,0.6919999719
2001-11-08,1.3049299717
2001-11-09,1.2784199715
2001-11-12,3.3648900986
2001-11-13,2.2602200508
2001-11-14,0.4329999983
2001-11-15,0.6470000148
2001-11-16,0.6129999757
2001-11-19,0.7139999866
2001-11-20,0.8019999862
2001-11-21,0.6100000143
2001-11-23,0.1710000038
2001-11-26,0.4449999928
2001-11-27,1.3104300499
2001-11-28,1.3194500208
2001-11-29,0.8069999814
2001-11-30,0.4539999962
2001-12-03,1.0763700008
2001-12-04,0.7009999752
2001-12-05,1.0198999643
2001-12-06,0.5580000281
2001-12-07,0.6999999881
2001-12-10,0.726000011
2001-12-11,0.6729999781
2001-12-12,0.7059999704
2001-12-13,1.3126000166
2001-12-14,0.7570000291
2001-12-17,0.4359999895
2001-12-18,0.7910000086
2001-12-19,0.8799999952
2001-12-20,0.349999994
2001-12-21,0.5649999976
2001-12-24,0.0579999983
2001-12-26,0.3700000048
2001-12-27,0.2569999993
2001-12-28,0.3050000072
2001-12-31,0.3659999967
2002-01-02,0.8190000057
2002-01-03,0.5389999747
2002-01-04,1.0807000399
2002-01-07,0.3980000019
2002-01-08,0.4850000143
2002-01-09,0.8769999743
2002-01-10,0.5799999833
2002-01-11,0.6729999781
2002-01-14,0.3889999986
2002-01-15,0.7089999914
2002-01-16,1.1233500242
2002-01-17,0.90200001
2002-01-18,0.4050000012
2002-01-22,0.8500000238
2002-01-23,0.7239999771
2002-01-24,0.7450000048
2002-01-25,0.746999979
2002-01-28,0.1120000035
2002-01-29,1.049399972
2002-01-30,2.9952099323
2002-01-31,0.7070000172
2002-02-01,0.3109999895
2002-02-04,0.8299999833
2002-02-05,2.0402300358
2002-02-06,1.6671899557
2002-02-07,1.4318799973
2002-02-08,1.0821399689
2002-02-11,0.5899999738
2002-02-12,0.5879999995
2002-02-13,0.7129999995
2002-02-14,0.7070000172
2002-02-15,0.7879999876
2002-02-19,1.2679699659
2002-02-20,1.2494599819
2002-02-21,1.1041799784
2002-02-22,1.4668200016
2002-02-25,0.925999999
2002-02-26,1.2322000265
2002-02-27,1.377210021
2002-02-28,1.0285600424
2002-03-01,1.167050004
2002-03-04,0.8709999919
2002-03-05,1.4466199875
2002-03-06,0.6069999933
2002-03-07,1.017179966
2002-03-08,1.9200999737
2002-03-11,0.3639999926
2002-03-12,1.0952700377
2002-03-13,0.9559999704
2002-03-14,0.423999995
2002-03-15,0.5479999781
2002-03-18,0.5580000281
2002-03-19,0.7340000272
2002-03-20,0.6159999967
2002-03-21,0.7649999857
2002-03-22,0.7810000181
2002-03-25,0.4790000021
2002-03-26,1.050639987
2002-03-27,0.4359999895
2002-03-28,0.4650000036
2002-04-01,0.6570000052
2002-04-02,0.7139999866
2002-04-03,0.7020000219
2002-04-04,0.6620000005
2002-04-05,0.8249999881
2002-04-08,1.3011000156
2002-04-09,0.4819999933
2002-04-10,0.6060000062
2002-04-11,0.9919999838
2002-04-12,0.9309999943
2002-04-15,0.7900000215
2002-04-16,1.32754004
2002-04-17,0.4199999869
2002-04-18,1.8643599749
2002-04-19,0.5329999924
2002-04-22,0.3670000136
2002-04-23,0.7580000162
2002-04-24,0.6110000014
2002-04-25,0.8529999852
2002-04-26,0.82099998
2002-04-29,0.75
2002-04-30,0.7659999728
2002-05-01,1.3254799843
2002-05-02,0.8560000062
2002-05-03,0.8619999886
2002-05-06,0.7829999924
2002-05-07,0.9319999814
2002-05-08,3.1025099754
2002-05-09,1.1826299429
2002-05-10,0.7609999776
2002-05-13,0.7300000191
2002-05-14,1.5159599781
2002-05-15,1.2201399803
2002-05-16,0.5
2002-05-17,0.5370000005
2002-05-20,0.8309999704
2002-05-21,0.7400000095
2002-05-22,0.8439999819
2002-05-23,0.5780000091
2002-05-24,0.4869999886
2002-05-28,0.6439999938
2002-05-29,0.3959999979
2002-05-30,1.151540041
2002-05-31,0.5440000296
2002-06-03,1.4498200417
2002-06-04,1.7988200188
2002-06-05,0.7820000052
2002-06-06,1.0380300283
2002-06-07,2.296900034
2002-06-10,1.1200100184
2002-06-11,1.3229999542
2002-06-12,2.0393400192
2002-06-13,1.2667399645
2002-06-14,4.3599600792
2002-06-17,1.0543199778
2002-06-18,0.9160000086
2002-06-19,1.5009100437
2002-06-20,1.3589400053
2002-06-21,1.6991100311
2002-06-24,2.7152500153
2002-06-25,2.7585799694
2002-06-26,7.8244700432
2002-06-27,3.2372999191
2002-06-28,1.1926000118
2002-07-01,1.4773999453
2002-07-02,2.3501300812
2002-07-03,2.0135400295
2002-07-05,1.543200016
2002-07-08,1.4677300453
2002-07-09,1.7365000248
2002-07-10,3.0603899956
2002-07-11,5.365749836
2002-07-12,4.4980201721
2002-07-15,6.3151798248
2002-07-16,2.6237699986
2002-07-17,8.682390213
2002-07-18,2.8746099472
2002-07-19,7.21875
2002-07-22,13.0603504181
2002-07-23,8.9144897461
2002-07-24,13.7163801193
2002-07-25,11.0641403198
2002-07-26,4.3310599327
2002-07-29,5.7567200661
2002-07-30,4.9556899071
2002-07-31,3.3444800377
2002-08-01,3.6413300037
2002-08-02,3.2291400433
2002-08-05,2.6627700329
2002-08-06,6.4074897766
2002-08-07,7.5354700089
2002-08-08,2.9330699444
2002-08-09,3.8622601032
2002-08-12,3.5441799164
2002-08-13,3.4653100967
2002-08-14,3.5999400616
2002-08-15,4.0131402016
2002-08-16,0.7020000219
2002-08-19,1.2424999476
2002-08-20,1.9520100355
2002-08-21,3.1593999863
2002-08-22,1.6228499413
2002-08-23,1.7869100571
2002-08-26,1.644389987
2002-08-27,2.8361699581
2002-08-28,2.2285699844
2002-08-29,3.7024700642
2002-08-30,2.1475100517
2002-09-03,3.9446699619
2002-09-04,1.2849199772
2002-09-05,4.2775301933
2002-09-06,3.4700000286
2002-09-09,2.1004199982
2002-09-10,0.8280000091
2002-09-11,1.699090004
2002-09-12,1.0060600042
2002-09-13,2.4749400616
2002-09-16,1.159160018
2002-09-17,2.4541699886
2002-09-18,2.8854401112
2002-09-19,5.2099099159
2002-09-20,1.8803399801
2002-09-23,3.7662699223
2002-09-24,5.887650013
2002-09-25,4.2812600136
2002-09-26,2.6415600777
2002-09-27,2.9233999252
2002-09-30,7.0795397759
2002-10-01,4.1146798134
2002-10-02,3.411839962
2002-10-03,5.0250601769
2002-10-04,8.3824396133
2002-10-07,4.1455898285
2002-10-08,8.1435003281
2002-10-09,8.1904802322
2002-10-10,5.2830600739
2002-10-11,5.5888500214
2002-10-14,3.791009903
2002-10-15,9.3854198456
2002-10-16,2.617470026
2002-10-17,10.0319795609
2002-10-18,3.3069000244
2002-10-21,2.3205299377
2002-10-22,0.7540000081
2002-10-23,2.8554000855
2002-10-24,2.5960700512
2002-10-25,2.4839498997
2002-10-28,2.0267000198
2002-10-29,2.9580099583
2002-10-30,1.7533400059
2002-11-01,2.8246600628
2002-11-04,2.7329800129
2002-11-05,0.9819999933
2002-11-06,3.6584401131
2002-11-07,1.7663600445
2002-11-08,1.60552001
2002-11-11,1.2044099569
2002-11-12,1.6276600361
2002-11-13,3.2350800037
2002-11-14,3.0630400181
2002-11-15,1.4629000425
2002-11-18,1.2755500078
2002-11-19,1.3693000078
2002-11-21,1.3413499594
2002-11-22,0.9049999714
2002-11-25,0.8149999976
2002-11-26,1.2604999542
2002-11-27,1.631739974
2002-11-29,0.4410000145
2002-12-02,3.0883500576
2002-12-03,1.5970400572
2002-12-04,2.1870000362
2002-12-05,1.0728800297
2002-12-06,3.2138500214
2002-12-09,1.4029500485
2002-12-10,0.9110000134
2002-12-11,1.4797199965
2002-12-12,1.0391800404
2002-12-13,1.6785199642
2002-12-16,0.75
2002-12-17,0.8180000186
2002-12-18,1.1356500387
2002-12-19,1.0931099653
2002-12-20,1.6000299454
2002-12-23,0.8830000162
2002-12-24,0.2680000067
2002-12-26,0.8809999824
2002-12-27,0.7950000167
2002-12-30,0.9309999943
2002-12-31,1.2492599487
2003-01-02,2.5968298912
2003-01-03,1.0518300533
2003-01-06,0.7020000219
2003-01-07,0.9340000153
2003-01-08,1.1226300001
2003-01-09,1.202829957
2003-01-10,1.6892000437
2003-01-13,1.310559988
2003-01-14,0.6859999895
2003-01-15,0.625
2003-01-16,0.9580000043
2003-01-22,1.0542399883
2003-01-23,1.5514099598
2003-01-24,1.7741999626
2003-01-27,2.6396000385
2003-01-28,1.3226599693
2003-01-29,2.6584000588
2003-01-30,1.5775899887
2003-01-31,1.506360054
2003-02-03,1.3304400444
2003-02-04,2.1034998894
2003-02-05,1.9442299604
2003-02-06,2.0269200802
2003-02-07,1.7779300213
2003-02-10,1.2611900568
2003-02-11,0.8740000129
2003-02-12,1.0210200548
2003-02-13,1.8770899773
2003-02-14,1.9809399843
2003-02-18,1.6844700575
2003-02-19,0.7889999747
2003-02-20,0.8349999785
2003-02-21,1.5731300116
2003-02-24,0.9139999747
2003-02-25,2.6726899147
2003-02-26,1.2710599899
2003-02-27,1.9338999987
2003-02-28,1.1064399481
2003-03-03,1.488049984
2003-03-04,0.5379999876
2003-03-05,1.4391200542
2003-03-06,2.2205300331
2003-03-07,4.2231302261
2003-03-10,1.2237700224
2003-03-11,1.3518199921
2003-03-12,1.9110800028
2003-03-13,2.9323101044
2003-03-14,2.7278199196
2003-03-17,3.9334800243
2003-03-18,1.98901999
2003-03-19,1.473549962
2003-03-20,2.0260601044
2003-03-21,2.4351699352
2003-03-24,3.5298500061
2003-03-25,1.4529000521
2003-03-26,1.1812800169
2003-03-27,1.6374000311
2003-03-28,1.2307499647
2003-03-31,2.8008999825
2003-04-01,1.3821599484
2003-04-02,2.8495900631
2003-04-03,0.9589999914
2003-04-04,1.8235900402
2003-04-07,5.2704601288
2003-04-08,1.32348001
2003-04-09,1.6514099836
2003-04-10,0.6370000243
2003-04-11,1.8644900322
2003-04-14,0.9840000272
2003-04-15,0.8050000072
2003-04-16,1.3573600054
2003-04-17,0.5879999995
2003-04-21,0.9150000215
2003-04-22,1.1800500155
2003-04-23,0.6430000067
2003-04-24,0.9449999928
2003-04-25,0.8330000043
2003-04-28,0.6899999976
2003-04-29,1.2284300327
2003-04-30,1.2084800005
2003-05-01,1.1346399784
2003-05-02,1.2887300253
2003-05-05,1.0396800041
2003-05-06,0.8809999824
2003-05-07,0.9840000272
2003-05-08,1.3007500172
2003-05-09,0.5860000253
2003-05-12,0.4990000129
2003-05-13,0.6600000262
2003-05-14,0.9819999933
2003-05-15,0.9139999747
2003-05-16,0.5410000086
2003-05-19,0.9039999843
2003-05-20,1.126240015
2003-05-21,1.0991100073
2003-05-22,3.7901399136
2003-05-23,0.4289999902
2003-05-27,0.9340000153
2003-05-28,0.7059999704
2003-05-29,1.075600028
2003-05-30,1.0010800362
2003-06-02,1.2869000435
2003-06-03,0.7860000134
2003-06-04,0.699000001
2003-06-05,0.8289999962
2003-06-06,1.7973300219
2003-06-09,0.57099998
2003-06-10,0.8270000219
2003-06-11,0.6000000238
2003-06-12,1.0426499844
2003-06-13,0.8679999709
2003-06-16,0.7870000005
2003-06-17,0.6200000048
2003-06-18,0.7879999876
2003-06-19,0.8199999928
2003-06-20,0.9060000181
2003-06-23,0.5820000172
2003-06-24,0.5619999766
2003-06-25,1.3731399775
2003-06-26,0.675999999
2003-06-27,0.6869999766
2003-06-30,1.3544499874
2003-07-01,1.132529974
2003-07-02,0.5749999881
2003-07-03,1.2970399857
2003-07-07,1.2568000555
2003-07-08,0.449000001
2003-07-09,0.8429999948
2003-07-10,1.0832300186
2003-07-11,0.6650000215
2003-07-14,1.9121299982
2003-07-15,1.2544599772
2003-07-16,0.6579999924
2003-07-17,0.8909999728
2003-07-18,0.6869999766
2003-07-21,0.5849999785
2003-07-22,0.8579999805
2003-07-23,0.6050000191
2003-07-24,0.8669999838
2003-07-25,0.8119999766
2003-07-28,0.7689999938
2003-07-29,1.1479899883
2003-07-30,0.5659999847
2003-07-31,1.9801599979
2003-08-01,0.8220000267
2003-08-04,1.1806499958
2003-08-05,1.383769989
2003-08-06,0.9789999723
2003-08-07,0.6320000291
2003-08-08,0.5440000296
2003-08-11,0.5199999809
2003-08-12,0.5780000091
2003-08-13,0.4189999998
2003-08-14,0.6549999714
2003-08-15,0.2160000056
2003-08-18,0.4120000005
2003-08-19,0.4639999866
2003-08-20,0.4889999926
2003-08-21,0.8230000138
2003-08-22,0.8309999704
2003-08-25,0.3429999948
2003-08-26,0.7250000238
2003-08-27,0.1720000058
2003-08-28,0.6019999981
2003-08-29,0.4580000043
2003-09-02,0.7609999776
2003-09-03,0.5080000162
2003-09-04,0.3050000072
2003-09-05,0.7170000076
2003-09-08,0.4740000069
2003-09-09,0.4420000017
2003-09-10,0.4720000029
2003-09-11,0.4370000064
2003-09-12,0.5220000148
2003-09-15,0.3199999928
2003-09-16,0.3389999866
2003-09-17,0.4679999948
2003-09-18,0.3030000031
2003-09-19,0.3249999881
2003-09-22,1.0602600575
2003-09-23,0.4909999967
2003-09-24,0.4569999874
2003-09-25,0.6259999871
2003-09-26,0.7089999914
2003-09-29,0.5329999924
2003-09-30,1.3073400259
2003-10-01,0.8590000272
2003-10-02,0.5339999795
2003-10-03,2.2079000473
2003-10-06,0.2409999967
2003-10-07,0.5580000281
2003-10-08,0.3709999919
2003-10-09,1.2529300451
2003-10-10,0.2450000048
2003-10-13,0.6050000191
2003-10-14,0.2700000107
2003-10-15,0.1599999964
2003-10-16,0.2380000055
2003-10-17,0.3899999857
2003-10-20,0.3740000129
2003-10-21,0.3350000083
2003-10-22,0.8140000105
2003-10-23,0.7379999757
2003-10-24,0.7329999805
2003-10-27,0.3980000019
2003-10-28,0.4740000069
2003-10-29,0.4219999909
2003-10-30,0.7670000196
2003-10-31,0.3619999886
2003-11-03,0.4629999995
2003-11-04,0.199000001
2003-11-05,0.5070000291
2003-11-06,0.351000011
2003-11-07,0.5210000277
2003-11-10,0.2720000148
2003-11-11,0.1860000044
2003-11-12,0.2689999938
2003-11-13,0.4180000126
2003-11-14,0.4679999948
2003-11-17,0.8439999819
2003-11-18,0.4939999878
2003-11-19,0.3070000112
2003-11-20,0.7009999752
2003-11-21,0.5429999828
2003-11-24,0.6159999967
2003-11-25,0.2479999959
2003-11-26,0.3330000043
2003-11-28,0.0640999973
2003-12-01,0.6290000081
2003-12-02,0.248999998
2003-12-03,0.6110000014
2003-12-04,0.3210000098
2003-12-05,0.4029999971
2003-12-08,0.248999998
2003-12-09,0.4399999976
2003-12-10,0.2680000067
2003-12-11,0.2899999917
2003-12-12,0.2939999998
2003-12-15,1.1332199574
2003-12-16,0.4040000141
2003-12-17,0.2339999974
2003-12-18,0.1940000057
2003-12-19,0.4280000031
2003-12-22,0.1829999983
2003-12-23,0.2049999982
2003-12-24,0.1159999967
2003-12-26,0.0691
2003-12-29,0.3540000021
2003-12-30,0.1299999952
2003-12-31,0.175999999
2004-01-02,0.5609999895
2004-01-05,0.5410000086
2004-01-06,0.2160000056
2004-01-07,0.2720000148
2004-01-08,0.4329999983
2004-01-09,0.7170000076
2004-01-14,0.3109999895
2004-01-15,0.7490000129
2004-01-16,0.3210000098
2004-01-20,0.3149999976
2004-01-21,0.4320000112
2004-01-22,0.3729999959
2004-01-23,0.3470000029
2004-01-26,0.3569999933
2004-01-27,0.3280000091
2004-01-28,0.9409999847
2004-01-29,0.8249999881
2004-01-30,0.6019999981
2004-02-02,0.7730000019
2004-02-03,0.3650000095
2004-02-04,0.55400002
2004-02-05,0.4560000002
2004-02-06,0.5400000215
2004-02-09,0.224999994
2004-02-10,0.2210000008
2004-02-11,0.5759999752
2004-02-12,0.2060000002
2004-02-13,0.4909999967
2004-02-17,0.6449999809
2004-02-18,0.174999997
2004-02-19,0.4350000024
2004-02-20,0.3630000055
2004-02-23,0.3300000131
2004-02-24,0.423999995
2004-02-25,0.1940000057
2004-02-26,0.275000006
2004-02-27,0.2779999971
2004-03-01,0.3709999919
2004-03-02,0.3930000067
2004-03-03,0.2240000069
2004-03-04,0.1330000013
2004-03-05,1.0389000177
2004-03-08,0.2660000026
2004-03-09,0.5310000181
2004-03-10,0.4790000021
2004-03-11,1.1687899828
2004-03-12,0.625
2004-03-15,0.7620000243
2004-03-16,1.1886199713
2004-03-17,0.4410000145
2004-03-18,0.65200001
2004-03-19,0.5099999905
2004-03-22,1.2774800062
2004-03-23,0.6919999719
2004-03-24,0.8029999733
2004-03-25,0.7450000048
2004-03-26,0.3889999986
2004-03-29,0.7179999948
2004-03-30,0.2660000026
2004-03-31,0.4460000098
2004-04-01,0.4329999983
2004-04-02,1.4526699781
2004-04-05,0.2029999942
2004-04-06,0.3519999981
2004-04-07,0.3970000148
2004-04-08,0.9430000186
2004-04-12,0.2520000041
2004-04-13,0.5440000296
2004-04-14,0.6610000134
2004-04-15,0.5809999704
2004-04-16,0.3529999852
2004-04-19,0.1889999956
2004-04-20,0.4420000017
2004-04-21,0.6409999728
2004-04-22,0.7120000124
2004-04-23,0.3440000117
2004-04-26,0.3330000043
2004-04-27,0.2870000005
2004-04-28,0.5419999957
2004-04-29,0.8100000024
2004-04-30,0.8090000153
2004-05-03,0.4880000055
2004-05-04,0.9039999843
2004-05-05,0.3630000055
2004-05-06,0.8140000105
2004-05-07,1.0276800394
2004-05-10,1.7434999943
2004-05-11,0.3650000095
2004-05-12,1.3298900127
2004-05-13,0.9499999881
2004-05-14,0.9049999714
2004-05-17,1.9353699684
2004-05-18,0.3759999871
2004-05-19,1.0191500187
2004-05-20,0.4550000131
2004-05-21,0.5389999747
2004-05-24,0.8220000267
2004-05-25,0.5389999747
2004-05-26,0.3330000043
2004-05-27,0.6869999766
2004-05-28,0.1309999973
2004-06-01,0.3219999969
2004-06-02,0.4029999971
2004-06-03,0.3799999952
2004-06-04,0.6819999814
2004-06-07,0.4009999931
2004-06-08,0.3840000033
2004-06-09,0.2339999974
2004-06-10,0.1580000073
2004-06-14,0.3039999902
2004-06-15,0.6719999909
2004-06-16,0.1369999945
2004-06-17,0.173999995
2004-06-18,0.1879999936
2004-06-21,0.2060000002
2004-06-22,0.2840000093
2004-06-23,0.2199999988
2004-06-24,0.201000005
2004-06-25,0.1969999969
2004-06-28,0.6620000005
2004-06-29,0.1959999949
2004-06-30,0.3170000017
2004-07-01,0.5159999728
2004-07-02,0.3610000014
2004-07-06,0.3529999852
2004-07-07,0.2349999994
2004-07-08,0.4009999931
2004-07-09,0.4250000119
2004-07-12,0.3389999866
2004-07-13,0.112999998
2004-07-14,0.5590000153
2004-07-15,0.3269999921
2004-07-16,0.5780000091
2004-07-19,0.3519999981
2004-07-20,0.4370000064
2004-07-21,0.5820000172
2004-07-22,0.9190000296
2004-07-23,0.5350000262
2004-07-26,0.75
2004-07-27,0.4480000138
2004-07-28,0.6980000138
2004-07-29,0.4580000043
2004-07-30,0.3109999895
2004-08-02,0.3580000103
2004-08-03,0.3160000145
2004-08-04,0.5550000072
2004-08-05,0.52700001
2004-08-06,1.3298000097
2004-08-09,0.3330000043
2004-08-10,0.5279999971
2004-08-11,0.7369999886
2004-08-12,0.5630000234
2004-08-13,0.423999995
2004-08-16,0.4609999955
2004-08-17,0.4120000005
2004-08-18,0.5500000119
2004-08-19,0.398999989
2004-08-20,0.3109999895
2004-08-23,0.2399999946
2004-08-24,0.55400002
2004-08-25,0.34799999
2004-08-26,0.1969999969
2004-08-27,0.0979999974
2004-08-30,0.1620000005
2004-08-31,0.3350000083
2004-09-01,0.3540000021
2004-09-02,0.2179999948
2004-09-03,0.248999998
2004-09-07,0.5429999828
2004-09-08,0.2469999939
2004-09-09,0.2949999869
2004-09-10,0.3149999976
2004-09-13,0.202000007
2004-09-14,0.1309999973
2004-09-15,0.2520000041
2004-09-16,0.1340000033
2004-09-17,0.2919999957
2004-09-20,0.3849999905
2004-09-21,0.1840000004
2004-09-22,0.6510000229
2004-09-23,0.2779999971
2004-09-24,0.1480000019
2004-09-27,0.2160000056
2004-09-28,0.3519999981
2004-09-29,0.2339999974
2004-09-30,0.9440000057
2004-10-01,0.3170000017
2004-10-04,0.5080000162
2004-10-05,0.2160000056
2004-10-06,0.199000001
2004-10-07,0.174999997
2004-10-08,0.3569999933
2004-10-11,0.1620000005
2004-10-13,0.5410000086
2004-10-14,0.3840000033
2004-10-15,0.7940000296
2004-10-18,0.5479999781
2004-10-19,0.4670000076
2004-10-20,0.5580000281
2004-10-21,0.6000000238
2004-10-22,0.4129999876
2004-10-25,0.5260000229
2004-10-26,0.4539999962
2004-10-27,0.5210000277
2004-10-28,0.3779999912
2004-10-29,0.3059999943
2004-11-01,0.2140000016
2004-11-02,0.5289999843
2004-11-03,2.7922298908
2004-11-04,0.4269999862
2004-11-05,0.4990000129
2004-11-08,0.2689999938
2004-11-09,0.298999995
2004-11-10,0.3070000112
2004-11-11,0.2529999912
2004-11-12,0.1620000005
2004-11-15,0.2709999979
2004-11-16,0.1920000017
2004-11-17,0.6779999733
2004-11-18,0.2129999995
2004-11-19,0.3359999955
2004-11-22,0.2389999926
2004-11-23,0.3280000091
2004-11-24,0.1909999996
2004-11-26,0.0467999987
2004-11-29,0.5590000153
2004-11-30,0.4040000141
2004-12-01,0.3849999905
2004-12-02,0.3190000057
2004-12-03,0.5479999781
2004-12-06,0.3089999855
2004-12-07,0.4460000098
2004-12-08,0.2669999897
2004-12-09,0.4469999969
2004-12-10,0.2939999998
2004-12-13,0.4869999886
2004-12-14,0.1609999985
2004-12-15,0.2409999967
2004-12-16,0.3720000088
2004-12-17,0.5529999733
2004-12-20,0.5329999924
2004-12-21,0.2730000019
2004-12-22,0.2119999975
2004-12-23,0.1369999945
2004-12-27,0.3389999866
2004-12-28,0.2479999959
2004-12-29,0.1070000008
2004-12-30,0.0900000036
2004-12-31,0.0989999995
2005-01-03,0.6949999928
2005-01-04,0.574000001
2005-01-05,0.4860000014
2005-01-06,0.4569999874
2005-01-07,0.4050000012
2005-01-10,0.298999995
2005-01-11,0.3269999921
2005-01-12,0.5720000267
2005-01-13,0.27700001
2005-01-14,0.2790000141
2005-01-18,0.3889999986
2005-01-19,0.2049999982
2005-01-20,0.5799999833
2005-01-21,0.425999999
2005-01-24,0.4550000131
2005-01-25,0.6140000224
2005-01-26,0.3549999893
2005-01-27,0.47299999
2005-01-28,0.3729999959
2005-01-31,0.6710000038
2005-02-01,0.1920000017
2005-02-02,0.1909999996
2005-02-03,0.1850000024
2005-02-04,0.2090000063
2005-02-07,0.1190000027
2005-02-08,0.1480000019
2005-02-09,0.2310000062
2005-02-10,0.3269999921
2005-02-11,0.3790000081
2005-02-14,0.0665000007
2005-02-15,0.1469999999
2005-02-16,0.1770000011
2005-02-17,0.2370000035
2005-02-18,0.1480000019
2005-02-22,0.4210000038
2005-02-23,0.4059999883
2005-02-24,0.3519999981
2005-02-25,0.1920000017
2005-02-28,0.3000000119
2005-03-01,0.3129999936
2005-03-02,0.5379999876
2005-03-03,0.4070000052
2005-03-04,0.4889999926
2005-03-07,0.1400000006
2005-03-08,0.2329999954
2005-03-09,0.3740000129
2005-03-10,0.4420000017
2005-03-11,0.3389999866
2005-03-14,0.2419999987
2005-03-15,0.2730000019
2005-03-16,0.4589999914
2005-03-17,0.2469999939
2005-03-18,0.3630000055
2005-03-21,0.4560000002
2005-03-22,0.5080000162
2005-03-23,0.40200001
2005-03-24,0.2790000141
2005-03-28,0.2720000148
2005-03-29,0.4499999881
2005-03-30,0.4110000134
2005-03-31,0.2419999987
2005-04-01,0.7630000114
2005-04-04,0.3580000103
2005-04-05,0.3100000024
2005-04-06,0.3249999881
2005-04-07,0.2189999968
2005-04-08,0.1930000037
2005-04-11,0.1819999963
2005-04-12,0.4620000124
2005-04-13,0.3470000029
2005-04-14,0.5749999881
2005-04-15,0.9589999914
2005-04-18,0.5690000057
2005-04-19,0.6159999967
2005-04-20,0.8140000105
2005-04-21,1.361109972
2005-04-22,0.7950000167
2005-04-25,0.6480000019
2005-04-26,0.4469999969
2005-04-27,0.7590000033
2005-04-28,0.6269999743
2005-04-29,1.1681599617
2005-05-02,0.5019999743
2005-05-03,1.0171099901
2005-05-04,0.5230000019
2005-05-05,0.6309999824
2005-05-06,0.52700001
2005-05-09,0.2049999982
2005-05-10,0.6050000191
2005-05-11,0.5120000243
2005-05-12,0.4939999878
2005-05-13,0.7289999723
2005-05-16,0.3149999976
2005-05-17,0.3280000091
2005-05-18,0.6320000291
2005-05-19,0.2329999954
2005-05-20,0.2720000148
2005-05-23,0.2689999938
2005-05-24,0.3339999914
2005-05-25,0.25
2005-05-26,0.3019999862
2005-05-27,0.0707999989
2005-05-31,0.2220000029
2005-06-01,0.4740000069
2005-06-02,0.3120000064
2005-06-03,0.3019999862
2005-06-06,0.1270000041
2005-06-07,0.3840000033
2005-06-08,0.349999994
2005-06-09,0.3339999914
2005-06-13,0.3319999874
2005-06-14,0.2720000148
2005-06-15,0.4390000105
2005-06-16,0.199000001
2005-06-17,0.4320000112
2005-06-20,0.3149999976
2005-06-21,0.2090000063
2005-06-22,0.3289999962
2005-06-23,0.4390000105
2005-06-24,0.326000005
2005-06-27,0.3280000091
2005-06-28,0.2639999986
2005-06-29,0.2240000069
2005-06-30,0.4110000134
2005-07-01,0.3560000062
2005-07-05,0.2509999871
2005-07-06,0.2259999961
2005-07-07,1.0787500143
2005-07-08,0.2649999857
2005-07-11,0.3370000124
2005-07-12,0.2520000041
2005-07-13,0.1899999976
2005-07-14,0.6200000048
2005-07-15,0.1420000046
2005-07-18,0.1860000044
2005-07-19,0.8299999833
2005-07-20,0.3670000136
2005-07-21,0.5860000253
2005-07-22,0.2119999975
2005-07-25,0.1689999998
2005-07-26,0.2269999981
2005-07-27,0.3199999928
2005-07-28,0.2660000026
2005-07-29,0.1539999992
2005-08-01,0.2509999871
2005-08-02,0.1679999977
2005-08-03,0.150000006
2005-08-04,0.2150000036
2005-08-05,0.2109999955
2005-08-08,0.273999989
2005-08-09,0.4609999955
2005-08-10,0.6859999895
2005-08-11,0.3950000107
2005-08-12,0.3630000055
2005-08-15,0.2430000007
2005-08-16,0.3779999912
2005-08-17,0.3810000122
2005-08-18,0.3549999893
2005-08-19,0.2910000086
2005-08-22,0.3720000088
2005-08-23,0.2599999905
2005-08-24,0.4149999917
2005-08-25,0.174999997
2005-08-26,0.3580000103
2005-08-29,0.4289999902
2005-08-30,0.5500000119
2005-08-31,0.6159999967
2005-09-01,0.6240000129
2005-09-02,0.2709999979
2005-09-06,0.4930000007
2005-09-07,0.1710000038
2005-09-08,0.2189999968
2005-09-09,0.2280000001
2005-09-12,0.1330000013
2005-09-13,0.273999989
2005-09-14,0.3230000138
2005-09-15,0.3280000091
2005-09-16,0.4140000045
2005-09-19,0.2779999971
2005-09-20,0.3919999897
2005-09-21,0.5279999971
2005-09-22,0.5680000186
2005-09-23,0.3179999888
2005-09-26,0.9819999933
2005-09-27,0.4099999964
2005-09-28,0.2980000079
2005-09-29,0.4399999976
2005-09-30,0.2310000062
2005-10-03,0.2730000019
2005-10-04,0.3580000103
2005-10-05,0.5550000072
2005-10-06,0.8090000153
2005-10-07,0.3970000148
2005-10-10,0.4120000005
2005-10-11,0.7210000157
2005-10-12,0.77700001
2005-10-13,0.7850000262
2005-10-14,0.5450000167
2005-10-17,0.4600000083
2005-10-18,0.2829999924
2005-10-19,0.6740000248
2005-10-20,0.773999989
2005-10-21,1.0298600197
2005-10-24,0.7609999776
2005-10-25,0.3910000026
2005-10-26,0.5960000157
2005-10-27,0.2949999869
2005-10-28,0.67900002
2005-10-31,0.3400000036
2005-11-01,0.2259999961
2005-11-02,0.2430000007
2005-11-03,0.47299999
2005-11-04,0.3289999962
2005-11-07,0.2549999952
2005-11-08,0.2409999967
2005-11-09,0.2409999967
2005-11-10,0.3420000076
2005-11-11,0.0560000017
2005-11-14,0.1550000012
2005-11-15,0.201000005
2005-11-16,0.2419999987
2005-11-17,0.1979999989
2005-11-18,0.3799999952
2005-11-21,0.1410000026
2005-11-22,0.2370000035
2005-11-23,0.1379999965
2005-11-25,0.0926000029
2005-11-28,0.1550000012
2005-11-29,0.3650000095
2005-11-30,0.3179999888
2005-12-01,0.4230000079
2005-12-02,0.1430000067
2005-12-05,0.2060000002
2005-12-06,0.4099999964
2005-12-07,0.3140000105
2005-12-08,0.4180000126
2005-12-09,0.1969999969
2005-12-12,0.2049999982
2005-12-13,0.3000000119
2005-12-14,0.2029999942
2005-12-15,0.2300000042
2005-12-16,0.2419999987
2005-12-19,0.2370000035
2005-12-20,0.2380000055
2005-12-21,0.3939999938
2005-12-22,0.2310000062
2005-12-23,0.0838999972
2005-12-27,0.3849999905
2005-12-28,0.1979999989
2005-12-29,0.1529999971
2005-12-30,0.2329999954
2006-01-03,0.6710000038
2006-01-04,0.2779999971
2006-01-05,0.2460000068
2006-01-06,0.5809999704
2006-01-09,0.1700000018
2006-01-10,0.326000005
2006-01-11,0.172999993
2006-01-12,0.1800000072
2006-01-13,0.2329999954
2006-01-17,0.3670000136
2006-01-18,0.3330000043
2006-01-19,0.2099999934
2006-01-20,0.451000005
2006-01-23,0.2680000067
2006-01-24,0.2849999964
2006-01-25,0.5989999771
2006-01-26,0.6029999852
2006-01-27,0.34799999
2006-01-30,0.1350000054
2006-01-31,0.3089999855
2006-02-01,0.3050000072
2006-02-02,0.4519999921
2006-02-03,0.4939999878
2006-02-06,0.2140000016
2006-02-07,0.3720000088
2006-02-08,0.3019999862
2006-02-09,0.2440000027
2006-02-10,0.4009999931
2006-02-13,0.2549999952
2006-02-14,0.4040000141
2006-02-15,0.3799999952
2006-02-16,0.1490000039
2006-02-17,0.1360000074
2006-02-21,0.2179999948
2006-02-22,0.1940000057
2006-02-23,0.2939999998
2006-02-24,0.1920000017
2006-02-27,0.1889999956
2006-02-28,0.3549999893
2006-03-01,0.2649999857
2006-03-02,0.3140000105
2006-03-03,0.4219999909
2006-03-06,0.2529999912
2006-03-07,0.3210000098
2006-03-08,0.2930000126
2006-03-09,0.1860000044
2006-03-10,0.3720000088
2006-03-13,0.2160000056
2006-03-14,0.1550000012
2006-03-15,0.175999999
2006-03-16,0.2370000035
2006-03-17,0.1220000014
2006-03-20,0.1809999943
2006-03-21,0.2039999962
2006-03-22,0.2070000023
2006-03-23,0.201000005
2006-03-24,0.200000003
2006-03-27,0.1620000005
2006-03-28,0.3790000081
2006-03-29,0.2360000014
2006-03-30,0.4399999976
2006-03-31,0.3490000069
2006-04-03,0.4219999909
2006-04-04,0.3409999907
2006-04-05,0.3319999874
2006-04-06,0.2129999995
2006-04-07,0.5780000091
2006-04-10,0.1979999989
2006-04-11,0.4149999917
2006-04-12,0.2639999986
2006-04-13,0.2150000036
2006-04-17,0.1790000051
2006-04-18,0.6200000048
2006-04-19,0.4090000093
2006-04-20,0.3330000043
2006-04-21,0.4790000021
2006-04-24,0.2220000029
2006-04-25,0.2700000107
2006-04-26,0.3959999979
2006-04-27,1.0711100102
2006-04-28,0.2290000021
2006-05-01,0.4659999907
2006-05-02,0.2220000029
2006-05-03,0.1909999996
2006-05-04,0.1940000057
2006-05-05,0.4309999943
2006-05-08,0.065200001
2006-05-09,0.0535999984
2006-05-10,0.2349999994
2006-05-11,0.3070000112
2006-05-12,0.628000021
2006-05-15,0.5180000067
2006-05-16,0.25
2006-05-17,0.773999989
2006-05-18,0.6340000033
2006-05-19,0.8809999824
2006-05-22,1.0612200499
2006-05-23,0.7440000176
2006-05-24,1.3932199478
2006-05-25,0.4210000038
2006-05-26,0.2310000062
2006-05-30,0.4860000014
2006-05-31,0.6190000176
2006-06-01,0.3779999912
2006-06-02,0.5370000005
2006-06-05,0.5920000076
2006-06-06,0.9959999919
2006-06-07,0.6029999852
2006-06-08,1.630300045
2006-06-09,0.5609999895
2006-06-12,0.5789999962
2006-06-13,1.4238899946
2006-06-14,0.7549999952
2006-06-15,0.6420000196
2006-06-16,0.324000001
2006-06-19,0.5289999843
2006-06-20,0.3129999936
2006-06-21,0.3639999926
2006-06-22,0.4320000112
2006-06-23,0.675999999
2006-06-26,0.3050000072
2006-06-27,0.3670000136
2006-06-28,0.2520000041
2006-06-29,0.9610000253
2006-06-30,0.3120000064
2006-07-03,0.2039999962
2006-07-05,0.5519999862
2006-07-06,0.34799999
2006-07-07,0.4639999866
2006-07-10,0.3050000072
2006-07-11,0.3740000129
2006-07-12,0.2910000086
2006-07-13,0.7829999924
2006-07-14,0.7059999704
2006-07-17,0.6330000162
2006-07-18,0.9029999971
2006-07-19,1.0076600313
2006-07-20,0.474999994
2006-07-21,0.8230000138
2006-07-24,0.6919999719
2006-07-25,0.5049999952
2006-07-26,0.4329999983
2006-07-27,0.5669999719
2006-07-28,0.8059999943
2006-07-31,0.2520000041
2006-08-01,0.3089999855
2006-08-02,0.34799999
2006-08-03,0.4790000021
2006-08-04,0.9100000262
2006-08-07,0.2329999954
2006-08-08,0.5400000215
2006-08-09,0.7940000296
2006-08-10,0.4679999948
2006-08-11,0.2080000043
2006-08-14,0.6200000048
2006-08-15,0.8230000138
2006-08-16,0.2210000008
2006-08-17,0.1659999937
2006-08-18,0.2599999905
2006-08-21,0.1889999956
2006-08-22,0.1860000044
2006-08-23,0.2029999942
2006-08-24,0.2360000014
2006-08-25,0.2169999927
2006-08-28,0.1369999945
2006-08-29,0.1710000038
2006-08-30,0.1770000011
2006-08-31,0.0887999982
2006-09-01,0.2240000069
2006-09-05,0.1280000061
2006-09-06,0.2809999883
2006-09-07,0.4359999895
2006-09-08,0.1959999949
2006-09-11,0.2230000049
2006-09-12,0.1720000058
2006-09-13,0.1299999952
2006-09-14,0.1650000066
2006-09-15,0.4580000043
2006-09-18,0.2199999988
2006-09-19,0.1850000024
2006-09-20,0.2980000079
2006-09-21,0.2960000038
2006-09-22,0.1819999963
2006-09-25,0.5210000277
2006-09-26,0.2919999957
2006-09-27,0.3389999866
2006-09-28,0.1700000018
2006-09-29,0.1150000021
2006-10-02,0.1659999937
2006-10-03,0.2290000021
2006-10-04,0.1969999969
2006-10-05,0.1230000034
2006-10-06,0.3470000029
2006-10-09,0.1190000027
2006-10-10,0.1420000046
2006-10-11,0.2910000086
2006-10-12,0.199000001
2006-10-13,0.1049999967
2006-10-16,0.0653999969
2006-10-17,0.2039999962
2006-10-18,0.75
2006-10-19,0.1220000014
2006-10-20,0.3930000067
2006-10-23,0.2060000002
2006-10-24,0.2389999926
2006-10-25,0.2689999938
2006-10-26,0.1899999976
2006-10-27,0.3289999962
2006-10-30,0.1539999992
2006-10-31,0.2980000079
2006-11-01,0.2529999912
2006-11-02,0.2169999927
2006-11-03,0.4469999969
2006-11-06,0.2529999912
2006-11-07,0.1819999963
2006-11-08,0.3689999878
2006-11-09,0.2259999961
2006-11-10,0.123999998
2006-11-13,0.1659999937
2006-11-14,0.4079999924
2006-11-15,0.1430000067
2006-11-16,0.1920000017
2006-11-17,0.1589999944
2006-11-20,0.1400000006
2006-11-21,0.0639000013
2006-11-22,0.1430000067
2006-11-24,0.3170000017
2006-11-27,0.3519999981
2006-11-28,0.3670000136
2006-11-29,0.3810000122
2006-11-30,0.5260000229
2006-12-01,0.6299999952
2006-12-04,0.2259999961
2006-12-05,0.2660000026
2006-12-06,0.0895000026
2006-12-07,0.2660000026
2006-12-08,0.2290000021
2006-12-11,0.0684999973
2006-12-12,0.2779999971
2006-12-13,0.3389999866
2006-12-14,0.1599999964
2006-12-15,0.2290000021
2006-12-18,0.1319999993
2006-12-19,0.1949999928
2006-12-20,0.0625
2006-12-21,0.1689999998
2006-12-22,0.150000006
2006-12-26,0.0653999969
2006-12-27,0.2280000001
2006-12-28,0.112999998
2006-12-29,0.1790000051
2007-01-03,0.5490000248
2007-01-04,0.3429999948
2007-01-05,0.3389999866
2007-01-08,0.3190000057
2007-01-09,0.2809999883
2007-01-10,0.2430000007
2007-01-11,0.1340000033
2007-01-12,0.125
2007-01-16,0.1439999938
2007-01-17,0.2210000008
2007-01-18,0.2109999955
2007-01-19,0.1030000001
2007-01-22,0.1889999956
2007-01-23,0.1870000064
2007-01-24,0.1519999951
2007-01-25,0.1850000024
2007-01-26,0.3210000098
2007-01-29,0.2060000002
2007-01-30,0.1669999957
2007-01-31,0.3910000026
2007-02-01,0.1780000031
2007-02-02,0.1030000001
2007-02-05,0.0838000029
2007-02-06,0.0877000019
2007-02-07,0.1000000015
2007-02-08,0.2809999883
2007-02-09,0.2549999952
2007-02-12,0.1420000046
2007-02-13,0.3400000036
2007-02-14,0.172999993
2007-02-15,0.1010000035
2007-02-16,0.0436999984
2007-02-20,0.1840000004
2007-02-21,0.2899999917
2007-02-22,0.2840000093
2007-02-23,0.1379999965
2007-02-26,0.1689999998
2007-02-27,4.4663000107
2007-02-28,1.3029199839
2007-03-01,4.0354599953
2007-03-02,0.8109999895
2007-03-05,1.6382100582
2007-03-06,0.94599998
2007-03-07,0.2680000067
2007-03-08,0.5490000248
2007-03-09,0.6399999857
2007-03-12,0.2290000021
2007-03-13,0.8740000129
2007-03-14,1.3380800486
2007-03-15,0.4040000141
2007-03-16,0.2969999909
2007-03-19,0.5170000196
2007-03-20,0.1449999958
2007-03-21,0.5210000277
2007-03-22,0.1809999943
2007-03-23,0.2630000114
2007-03-26,0.4059999883
2007-03-27,0.3650000095
2007-03-28,0.6800000072
2007-03-29,0.7020000219
2007-03-30,0.4550000131
2007-04-02,0.2220000029
2007-04-03,0.5569999814
2007-04-04,0.1270000041
2007-04-05,0.070100002
2007-04-09,0.0802000016
2007-04-10,0.1019999981
2007-04-11,0.2300000042
2007-04-12,0.2090000063
2007-04-13,0.2460000068
2007-04-16,0.2440000027
2007-04-17,0.1700000018
2007-04-18,0.1720000058
2007-04-19,0.3930000067
2007-04-20,0.9160000086
2007-04-23,0.1400000006
2007-04-24,0.1930000037
2007-04-25,0.4979999959
2007-04-26,0.1920000017
2007-04-27,0.1899999976
2007-04-30,0.2269999981
2007-05-01,0.3939999938
2007-05-02,0.1620000005
2007-05-03,0.1940000057
2007-05-04,0.1459999979
2007-05-07,0.1389999986
2007-05-08,0.2280000001
2007-05-09,0.1630000025
2007-05-10,0.4390000105
2007-05-11,0.2590000033
2007-05-14,0.2610000074
2007-05-15,0.4909999967
2007-05-16,0.3249999881
2007-05-17,0.2310000062
2007-05-18,0.3420000076
2007-05-21,0.1360000074
2007-05-22,0.1679999977
2007-05-23,0.2910000086
2007-05-24,0.5970000029
2007-05-25,0.2590000033
2007-05-29,0.2840000093
2007-05-30,0.5080000162
2007-05-31,0.1609999985
2007-06-01,0.2779999971
2007-06-04,0.172999993
2007-06-05,0.3019999862
2007-06-06,0.3810000122
2007-06-07,0.7220000029
2007-06-08,0.4930000007
2007-06-11,0.3059999943
2007-06-12,0.5770000219
2007-06-13,0.7590000033
2007-06-14,0.2460000068
2007-06-15,0.6110000014
2007-06-18,0.1700000018
2007-06-19,0.1710000038
2007-06-20,0.5109999776
2007-06-21,0.7490000129
2007-06-22,0.6430000067
2007-06-25,1.1934700012
2007-06-26,0.7570000291
2007-06-27,0.69599998
2007-06-28,0.6899999976
2007-06-29,0.726000011
2007-07-02,0.4930000007
2007-07-03,0.0742999986
2007-07-05,0.2870000005
2007-07-06,0.1710000038
2007-07-09,0.175999999
2007-07-10,0.5640000105
2007-07-11,0.398999989
2007-07-12,0.5849999785
2007-07-13,0.1519999951
2007-07-16,0.173999995
2007-07-17,0.2060000002
2007-07-18,0.6389999986
2007-07-19,0.5149999857
2007-07-20,0.6000000238
2007-07-23,0.3560000062
2007-07-24,0.8769999743
2007-07-25,1.2095700502
2007-07-26,2.8447399139
2007-07-27,1.4906100035
2007-07-30,1.1345000267
2007-07-31,1.358430028
2007-08-01,2.4170200825
2007-08-02,0.8960000277
2007-08-03,1.3527599573
2007-08-06,1.769119978
2007-08-07,2.1979899406
2007-08-08,1.1253900528
2007-08-09,3.6214499474
2007-08-10,3.8821499348
2007-08-13,1.0364400148
2007-08-14,1.2756299973
2007-08-15,1.6344100237
2007-08-16,4.490459919
2007-08-17,6.2795000076
2007-08-20,1.025930047
2007-08-21,0.7549999952
2007-08-22,1
2007-08-23,0.7129999995
2007-08-24,0.3280000091
2007-08-27,0.349999994
2007-08-28,0.4950000048
2007-08-29,0.9890000224
2007-08-30,1.031949997
2007-08-31,1.4089200497
2007-09-04,0.3709999919
2007-09-05,0.7149999738
2007-09-06,0.3549999893
2007-09-07,1.7692400217
2007-09-10,1.0423699617
2007-09-11,0.8029999733
2007-09-12,0.4180000126
2007-09-13,0.6740000248
2007-09-14,0.7760000229
2007-09-17,0.2939999998
2007-09-18,1.3874200583
2007-09-19,0.5419999957
2007-09-20,0.2329999954
2007-09-21,0.3709999919
2007-09-24,0.3429999948
2007-09-25,0.3930000067
2007-09-26,0.3799999952
2007-09-27,0.1949999928
2007-09-28,0.200000003
2007-10-01,0.2980000079
2007-10-02,0.1609999985
2007-10-03,0.2569999993
2007-10-04,0.1809999943
2007-10-05,0.5649999976
2007-10-08,0.1040000021
2007-10-09,0.2680000067
2007-10-10,0.2730000019
2007-10-11,0.8880000114
2007-10-12,0.2140000016
2007-10-15,0.5180000067
2007-10-16,0.4589999914
2007-10-17,0.9369999766
2007-10-18,0.4889999926
2007-10-19,1.2705800533
2007-10-22,1.3083200455
2007-10-23,0.7860000134
2007-10-24,1.4923000336
2007-10-25,1.2235599756
2007-10-26,0.8600000143
2007-10-29,0.3269999921
2007-10-30,0.2599999905
2007-10-31,1.038490057
2007-11-01,1.9803099632
2007-11-02,1.6955399513
2007-11-05,1.4763499498
2007-11-06,0.77700001
2007-11-07,2.0355699062
2007-11-08,2.7855699062
2007-11-09,2.387419939
2007-11-12,1.3249700069
2007-11-13,1.1175899506
2007-11-14,0.9200000167
2007-11-15,1.1060099602
2007-11-16,1.4578499794
2007-11-19,1.1414400339
2007-11-20,2.4051599503
2007-11-21,2.1158299446
2007-11-23,0.8339999914
2007-11-26,1.0223799944
2007-11-27,1.9012700319
2007-11-28,1.431049943
2007-11-29,0.976000011
2007-11-30,1.5856300592
2007-12-03,0.5989999771
2007-12-04,0.5529999733
2007-12-05,1.2981699705
2007-12-06,0.3140000105
2007-12-07,0.224999994
2007-12-10,0.3210000098
2007-12-11,1.7323600054
2007-12-12,5.5897297859
2007-12-13,0.9850000143
2007-12-14,1.0856900215
2007-12-17,0.9219999909
2007-12-18,1.1526399851
2007-12-19,0.8429999948
2007-12-20,0.6819999814
2007-12-21,1.1039799452
2007-12-24,0.27700001
2007-12-26,0.1529999971
2007-12-27,0.4699999988
2007-12-28,0.6949999928
2007-12-31,0.4860000014
2008-01-02,0.9769999981
2008-01-03,0.5379999876
2008-01-04,1.3651000261
2008-01-07,1.5663299561
2008-01-08,1.6271100044
2008-01-09,1.7516900301
2008-01-10,2.8792200089
2008-01-11,1.9374200106
2008-01-14,1.2259099484
2008-01-15,1.3337199688
2008-01-16,1.9737700224
2008-01-17,2.2053101063
2008-01-18,3.4504001141
2008-01-22,19.5216903687
2008-01-23,10.236700058
2008-01-24,2.6555800438
2008-01-25,2.4023199081
2008-01-28,1.8479800224
2008-01-29,0.8659999967
2008-01-30,1.8884899616
2008-01-31,4.493159771
2008-02-01,1.1396600008
2008-02-04,0.6449999809
2008-02-05,2.4124000073
2008-02-06,1.10224998
2008-02-07,2.1931500435
2008-02-08,1.390130043
2008-02-11,0.7829999924
2008-02-12,1.4284499884
2008-02-13,1.5166499615
2008-02-14,1.0225600004
2008-02-15,0.6370000243
2008-02-19,1.965659976
2008-02-20,1.7782800198
2008-02-21,1.1208599806
2008-02-22,1.371029973
2008-02-25,1.8212900162
2008-02-26,1.066830039
2008-02-27,0.9440000057
2008-02-28,1.1298700571
2008-02-29,1.7946200371
2008-03-03,1.0455800295
2008-03-04,2.3773798943
2008-03-05,1.3219799995
2008-03-06,1.4705499411
2008-03-07,3.125
2008-03-10,1.1523200274
2008-03-11,6.0165901184
2008-03-12,1.1448500156
2008-03-13,3.7657799721
2008-03-14,4.0043702126
2008-03-17,4.6078300476
2008-03-18,4.55148983
2008-03-19,1.9772800207
2008-03-20,1.4801399708
2008-03-24,0.8859999776
2008-03-25,0.7210000157
2008-03-26,1.0427800417
2008-03-27,1.0735000372
2008-03-28,0.8399999738
2008-03-31,0.8019999862
2008-04-01,2.189510107
2008-04-02,0.5899999738
2008-04-03,0.7929999828
2008-04-04,0.6650000215
2008-04-07,0.7590000033
2008-04-08,0.7360000014
2008-04-09,0.5450000167
2008-04-10,0.7149999738
2008-04-11,1.4883400202
2008-04-14,0.4359999895
2008-04-15,0.7490000129
2008-04-16,1.0561900139
2008-04-17,0.5450000167
2008-04-18,2.4600698948
2008-04-21,0.5189999938
2008-04-22,0.5519999862
2008-04-23,0.5789999962
2008-04-24,1.0469100475
2008-04-25,0.8119999766
2008-04-28,0.351000011
2008-04-29,0.3079999983
2008-04-30,1.0735299587
2008-05-01,0.5690000057
2008-05-02,1.1837500334
2008-05-05,0.4709999859
2008-05-06,0.7429999709
2008-05-07,0.4379999936
2008-05-08,0.6240000129
2008-05-09,1.2979700565
2008-05-12,0.3799999952
2008-05-13,0.2630000114
2008-05-14,0.4530000091
2008-05-15,0.5080000162
2008-05-19,0.476000011
2008-05-20,1.1418299675
2008-05-21,0.9089999795
2008-05-22,0.4059999883
2008-05-23,0.5820000172
2008-05-27,0.6019999981
2008-05-28,0.625
2008-05-29,0.4480000138
2008-05-30,0.4620000124
2008-06-02,0.6179999709
2008-06-03,0.8100000024
2008-06-04,0.8840000033
2008-06-05,0.67900002
2008-06-09,1.0732500553
2008-06-10,1.24229002
2008-06-11,1.1924899817
2008-06-12,1.3391699791
2008-06-13,1.2816300392
2008-06-16,0.7940000296
2008-06-17,0.7429999709
2008-06-18,1.0144799948
2008-06-19,0.8339999914
2008-06-20,1.5070699453
2008-06-23,0.5809999704
2008-06-24,0.7820000052
2008-06-25,0.7039999962
2008-06-26,1.5954400301
2008-06-27,1.1781799793
2008-06-30,0.8809999824
2008-07-01,2.8014800549
2008-07-02,1.1979800463
2008-07-07,2.4381799698
2008-07-08,1.297440052
2008-07-09,1.2866200209
2008-07-10,2.3408699036
2008-07-11,5.7953701019
2008-07-14,2.3973300457
2008-07-15,3.4647901058
2008-07-16,2.3343400955
2008-07-17,1.9190700054
2008-07-18,0.7480000257
2008-07-21,0.6299999952
2008-07-22,1.1483000517
2008-07-23,1.2114399672
2008-07-24,0.7200000286
2008-07-25,1.2222800255
2008-07-28,0.7839999795
2008-07-29,1.045140028
2008-07-30,1.8366099596
2008-07-31,1.8601000309
2008-08-04,0.8439999819
2008-08-05,1.7019900084
2008-08-06,0.6330000162
2008-08-08,0.8999999762
2008-08-11,0.8799999952
2008-08-12,1.1271699667
2008-08-14,1.225900054
2008-08-15,1.1778899431
2008-08-18,1.0612699986
2008-08-19,1.1670399904
2008-08-20,1.1265000105
2008-08-21,1.5907900333
2008-08-22,1.3725700378
2008-08-25,1.2328000069
2008-08-26,0.8619999886
2008-08-27,0.7149999738
2008-08-29,0.7699999809
2008-09-02,3.237940073
2008-09-03,1.2309299707
2008-09-04,2.16395998
2008-09-05,1.9031800032
2008-09-08,10.798740387
2008-09-09,1.8072099686
2008-09-10,1.765329957
2008-09-11,3.7998700142
2008-09-12,2.5099499226
2008-09-15,7.4346199036
2008-09-16,11.0117702484
2008-09-17,8.1488304138
2008-09-18,12.1471004486
2008-09-19,9.7205600739
2008-09-22,2.4358201027
2008-09-23,4.067969799
2008-09-24,2.6981201172
2008-09-25,2.8604300022
2008-09-26,3.9312100411
2008-09-29,20.1625003815
2008-09-30,6.4659900665
2008-10-01,4.6246900559
2008-10-02,4.0418200493
2008-10-03,8.9200897217
2008-10-06,16.395980835
2008-10-07,8.1716098785
2008-10-08,21.2505702972
2008-10-09,17.6311798096
2008-10-10,86.2401275635
2008-10-13,26.9204692841
2008-10-14,31.9915790558
2008-10-15,14.6792697906
2008-10-16,29.7586402893
2008-10-17,19.6868991852
2008-10-20,8.2822799683
2008-10-21,7.8397397995
2008-10-22,15.4644098282
2008-10-23,35.1537399292
2008-10-24,46.5541992188
2008-10-27,17.9610404968
2008-10-28,22.6830997467
2008-10-29,21.9632701874
2008-10-30,13.5752696991
2008-10-31,9.2668399811
2008-11-03,2.4585199356
2008-11-04,6.6725702286
2008-11-05,7.477230072
2008-11-06,6.4789099693
2008-11-07,8.7174301148
2008-11-10,10.5374803543
2008-11-11,11.0322999954
2008-11-12,8.602060318
2008-11-13,26.5611591339
2008-11-14,18.2716598511
2008-11-17,13.5865802765
2008-11-18,12.42070961
2008-11-19,10.2439699173
2008-11-20,21.5784702301
2008-11-21,33.8942604065
2008-11-24,12.6620597839
2008-11-25,10.4245796204
2008-11-26,7.9639801979
2008-11-28,0.8489999771
2008-12-01,13.5426597595
2008-12-02,9.0919904709
2008-12-03,10.1920995712
2008-12-04,7.8397197723
2008-12-05,10.4859695435
2008-12-08,9.3377504349
2008-12-09,6.9294600487
2008-12-10,6.4623799324
2008-12-11,4.8577699661
2008-12-12,10.8235702515
2008-12-15,3.2958500385
2008-12-16,5.2841200829
2008-12-17,5.4206800461
2008-12-18,4.0190300942
2008-12-19,4.4534301758
2008-12-22,2.3941500187
2008-12-23,3.1336300373
2008-12-24,0.5630000234
2008-12-26,0.5410000086
2008-12-29,1.0976200104
2008-12-30,1.7680799961
2008-12-31,1.2981899977
2009-01-02,1.2207299471
2009-01-05,1.9484699965
2009-01-06,2.5429499149
2009-01-07,3.1032099724
2009-01-08,2.0933499336
2009-01-09,2.2724499703
2009-01-12,1.315680027
2009-01-13,2.3147599697
2009-01-14,4.6768898964
2009-01-15,5.2534298897
2009-01-16,5.7642698288
2009-01-20,4.9186902046
2009-01-21,6.3544402123
2009-01-22,8.2072601318
2009-01-23,10.3683996201
2009-01-26,3.7616400719
2009-01-27,2.7943000794
2009-01-28,3.7642600536
2009-01-29,2.607049942
2009-01-30,2.3938400745
2009-02-02,3.435970068
2009-02-03,2.0385799408
2009-02-04,2.309789896
2009-02-05,3.6177699566
2009-02-06,2.2765700817
2009-02-09,1.8375999928
2009-02-10,5.9972400665
2009-02-11,2.9119000435
2009-02-12,7.1175899506
2009-02-13,2.7890899181
2009-02-17,9.3240404129
2009-02-18,3.6315801144
2009-02-19,2.7591600418
2009-02-20,6.8742198944
2009-02-23,3.492759943
2009-02-24,4.3714399338
2009-02-25,4.8757200241
2009-02-26,4.7284398079
2009-02-27,7.4752202034
2009-03-02,6.684730053
2009-03-03,5.8892102242
2009-03-04,5.1169600487
2009-03-05,8.1340303421
2009-03-06,7.6800899506
2009-03-09,5.0560998917
2009-03-10,6.8914599419
2009-03-11,3.8692200184
2009-03-12,2.5120699406
2009-03-13,3.1677498817
2009-03-16,3.0413599014
2009-03-17,2.9132199287
2009-03-18,7.6936798096
2009-03-19,3.4412999153
2009-03-20,2.4621200562
2009-03-23,7.187620163
2009-03-24,2.7279400826
2009-03-25,4.9057998657
2009-03-26,4.4468598366
2009-03-27,3.1744499207
2009-03-30,8.3429603577
2009-03-31,3.8924601078
2009-04-01,5.4101099968
2009-04-02,6.2481298447
2009-04-03,2.1206901074
2009-04-06,2.5982201099
2009-04-07,4.5796899796
2009-04-08,1.8115700483
2009-04-09,4.4838900566
2009-04-13,2.4413099289
2009-04-14,2.6229500771
2009-04-15,1.4879699945
2009-04-16,1.9867399931
2009-04-17,1.3769899607
2009-04-20,3.6641700268
2009-04-21,1.542140007
2009-04-22,2.6984701157
2009-04-23,2.3482000828
2009-04-24,1.994699955
2009-04-27,2.6020600796
2009-04-28,2.2190499306
2009-04-29,2.4339799881
2009-04-30,2.5751399994
2009-05-01,1.4820400477
2009-05-04,2.0014500618
2009-05-05,0.9319999814
2009-05-06,2.4635798931
2009-05-07,2.5005099773
2009-05-08,3.0255899429
2009-05-11,1.8728100061
2009-05-12,1.5758099556
2009-05-13,3.2014501095
2009-05-14,1.1126600504
2009-05-15,1.0469199419
2009-05-18,2.2023398876
2009-05-19,0.9580000043
2009-05-20,1.9387899637
2009-05-21,2.7717499733
2009-05-22,1.0232900381
2009-05-26,1.6884399653
2009-05-27,1.7521500588
2009-05-28,2.7238500118
2009-05-29,1.9861299992
2009-06-01,2.0800499916
2009-06-02,0.9580000043
2009-06-03,1.2406200171
2009-06-04,0.7509999871
2009-06-05,2.1640899181
2009-06-08,1.4973499775
2009-06-09,0.6859999895
2009-06-10,1.7246999741
2009-06-11,1.3783999682
2009-06-12,0.8600000143
2009-06-15,2.8045101166
2009-06-16,0.7969999909
2009-06-17,0.9919999838
2009-06-18,0.7089999914
2009-06-19,0.8270000219
2009-06-22,1.7773599625
2009-06-23,1.1658799648
2009-06-24,1.2494200468
2009-06-25,1.2740399838
2009-06-26,0.8880000114
2009-06-29,0.6600000262
2009-06-30,0.8939999938
2009-07-01,1.2433300018
2009-07-02,3.0228700638
2009-07-06,0.9869999886
2009-07-07,0.7590000033
2009-07-08,1.3509600163
2009-07-09,1.3601900339
2009-07-10,1.4845499992
2009-07-13,1.0433499813
2009-07-14,0.6060000062
2009-07-15,1.6746400595
2009-07-16,0.6859999895
2009-07-17,0.4909999967
2009-07-20,1.1480000019
2009-07-21,1.4793499708
2009-07-22,0.8169999719
2009-07-23,1.0343300104
2009-07-24,0.7300000191
2009-07-27,0.6349999905
2009-07-28,1.1811499596
2009-07-29,1.0856000185
2009-07-30,1.7378599644
2009-07-31,0.7969999909
2009-08-03,1.3555799723
2009-08-04,0.4670000076
2009-08-05,0.9049999714
2009-08-06,0.7440000176
2009-08-07,1.5134400129
2009-08-10,0.5529999733
2009-08-11,0.7289999723
2009-08-12,1.0229599476
2009-08-13,0.9240000248
2009-08-14,0.8019999862
2009-08-17,2.7826099396
2009-08-18,0.5929999948
2009-08-19,1.1260299683
2009-08-20,0.2560000122
2009-08-21,0.8889999986
2009-08-24,0.7160000205
2009-08-25,0.8830000162
2009-08-26,0.7120000124
2009-08-27,0.5189999938
2009-08-28,0.6710000038
2009-08-31,0.9129999876
2009-09-01,1.382619977
2009-09-02,0.7030000091
2009-09-03,0.5040000081
2009-09-04,0.5339999795
2009-09-08,0.8199999928
2009-09-09,0.4600000083
2009-09-10,0.4059999883
2009-09-11,0.4580000043
2009-09-14,0.6449999809
2009-09-15,0.5310000181
2009-09-16,0.5419999957
2009-09-17,0.5699999928
2009-09-18,0.5929999948
2009-09-21,1.1553800106
2009-09-22,0.4979999959
2009-09-23,0.80400002
2009-09-24,1.2010799646
2009-09-25,0.6980000138
2009-09-28,0.5699999928
2009-09-29,0.6999999881
2009-09-30,1.4682199955
2009-10-01,1.1362199783
2009-10-02,1.0811699629
2009-10-05,0.6119999886
2009-10-06,1.1340199709
2009-10-07,0.503000021
2009-10-08,0.7269999981
2009-10-09,0.201000005
2009-10-12,0.2919999957
2009-10-13,0.4289999902
2009-10-14,1.3896000385
2009-10-15,0.3350000083
2009-10-16,1.1835700274
2009-10-19,0.3100000024
2009-10-20,0.4629999995
2009-10-21,0.8470000029
2009-10-22,0.6150000095
2009-10-23,0.9599999785
2009-10-26,1.6448500156
2009-10-27,1.3629399538
2009-10-28,0.9959999919
2009-10-29,0.8619999886
2009-10-30,2.0049600601
2009-11-02,2.4444000721
2009-11-03,1.6480799913
2009-11-04,1.6783699989
2009-11-05,1.1022800207
2009-11-06,1.0179300308
2009-11-09,0.6140000224
2009-11-10,0.3179999888
2009-11-11,0.7319999933
2009-11-12,0.5720000267
2009-11-13,0.400000006
2009-11-16,0.8370000124
2009-11-17,0.4289999902
2009-11-18,0.3680000007
2009-11-19,0.9269999862
2009-11-20,0.2960000038
2009-11-23,1.243819952
2009-11-24,0.4309999943
2009-11-25,0.1459999979
2009-11-27,3.4438800812
2009-11-30,0.5879999995
2009-12-01,1.3926500082
2009-12-02,0.3129999936
2009-12-03,0.6620000005
2009-12-04,1.8434900045
2009-12-07,0.3589999974
2009-12-08,1.1233299971
2009-12-09,0.4670000076
2009-12-10,0.8169999719
2009-12-11,0.3070000112
2009-12-14,0.1480000019
2009-12-15,0.3129999936
2009-12-16,0.4639999866
2009-12-17,0.6970000267
2009-12-18,0.4589999914
2009-12-21,0.7879999876
2009-12-22,0.2199999988
2009-12-23,0.1360000074
2009-12-24,0.1059999987
2009-12-28,0.1519999951
2009-12-29,0.1469999999
2009-12-30,0.2579999864
2009-12-31,0.2380000055
2010-01-04,0.6549999714
2010-01-05,0.2329999954
2010-01-06,0.1899999976
2010-01-07,0.3549999893
2010-01-08,0.2549999952
2010-01-11,0.2469999939
2010-01-12,0.6539999843
2010-01-13,0.3580000103
2010-01-14,0.174999997
2010-01-15,0.3400000036
2010-01-19,0.1809999943
2010-01-20,1.0824700594
2010-01-21,1.2991499901
2010-01-22,1.3639500141
2010-01-25,1.1345700026
2010-01-26,0.9010000229
2010-01-27,0.8339999914
2010-01-28,1.4923700094
2010-01-29,1.6557099819
2010-02-01,0.9369999766
2010-02-02,0.4379999936
2010-02-03,0.6069999933
2010-02-04,1.7031999826
2010-02-05,2.1583099365
2010-02-08,0.8870000243
2010-02-09,2.7850699425
2010-02-10,0.7390000224
2010-02-11,0.9129999876
2010-02-12,2.208739996
2010-02-16,0.8370000124
2010-02-17,0.5460000038
2010-02-18,0.3359999955
2010-02-19,0.3799999952
2010-02-22,0.3580000103
2010-02-23,0.8050000072
2010-02-24,0.7350000143
2010-02-25,2.5239899159
2010-02-26,0.4359999895
2010-03-01,0.3889999986
2010-03-02,0.4379999936
2010-03-03,0.224999994
2010-03-04,0.2980000079
2010-03-05,0.4199999869
2010-03-08,0.1829999983
2010-03-09,0.1899999976
2010-03-10,0.3370000124
2010-03-11,0.3140000105
2010-03-12,0.2399999946
2010-03-15,0.2479999959
2010-03-16,0.2849999964
2010-03-17,0.2930000126
2010-03-18,0.201000005
2010-03-19,0.4280000031
2010-03-22,0.3540000021
2010-03-23,0.201000005
2010-03-24,0.3109999895
2010-03-25,0.7570000291
2010-03-26,0.3880000114
2010-03-29,0.2919999957
2010-03-30,0.2329999954
2010-03-31,0.4779999852
2010-04-01,0.7409999967
2010-04-05,0.1480000019
2010-04-06,0.2080000043
2010-04-07,0.3700000048
2010-04-08,0.300999999
2010-04-09,0.2649999857
2010-04-12,0.1570000052
2010-04-13,0.1959999949
2010-04-14,0.2070000023
2010-04-15,0.1430000067
2010-04-16,1.058760047
2010-04-19,0.3059999943
2010-04-20,0.2109999955
2010-04-21,0.2579999864
2010-04-22,0.7960000038
2010-04-23,0.3829999864
2010-04-26,0.2029999942
2010-04-27,1.0336500406
2010-04-28,0.7950000167
2010-04-29,0.5640000105
2010-04-30,0.7099999785
2010-05-03,0.5500000119
2010-05-04,2.6418399811
2010-05-05,1.4680399895
2010-05-06,13.5182695389
2010-05-07,7.7481398583
2010-05-10,14.3082399368
2010-05-11,1.5102299452
2010-05-12,0.7450000048
2010-05-13,0.8870000243
2010-05-14,1.8936200142
2010-05-17,1.9921400547
2010-05-18,2.1530799866
2010-05-19,2.682849884
2010-05-20,6.7845201492
2010-05-21,5.2488999367
2010-05-24,1.4983199835
2010-05-25,7.1234698296
2010-05-26,2.1983299255
2010-05-27,3.8071200848
2010-05-28,1.912719965
2010-06-01,2.0102500916
2010-06-02,0.9879999757
2010-06-03,1.1756199598
2010-06-04,3.7740499973
2010-06-07,1.0748900175
2010-06-08,2.1758799553
2010-06-09,1.2795300484
2010-06-10,4.1069598198
2010-06-11,1.2742600441
2010-06-14,1.1607099772
2010-06-15,0.7509999871
2010-06-16,0.7300000191
2010-06-17,0.7039999962
2010-06-18,0.3140000105
2010-06-21,1.9898300171
2010-06-22,0.9160000086
2010-06-23,1.3164499998
2010-06-24,1.1953099966
2010-06-25,1.1085000038
2010-06-28,0.7049999833
2010-06-29,3.5697600842
2010-06-30,0.9959999919
2010-07-01,2.2123799324
2010-07-02,1.4939600229
2010-07-06,2.486880064
2010-07-07,0.9300000072
2010-07-08,1.1208900213
2010-07-09,0.4230000079
2010-07-12,0.5690000057
2010-07-13,1.2764099836
2010-07-14,0.6119999886
2010-07-15,0.9039999843
2010-07-16,1.2707999945
2010-07-19,0.6809999943
2010-07-20,2.3458099365
2010-07-21,1.0051599741
2010-07-22,2.1003398895
2010-07-23,0.9150000215
2010-07-26,0.3190000057
2010-07-27,0.7039999962
2010-07-28,0.4300000072
2010-07-29,1.0677900314
2010-07-30,1.6974300146
2010-08-02,1.9859800339
2010-08-03,0.3659999967
2010-08-04,0.4629999995
2010-08-05,0.5839999914
2010-08-06,0.9720000029
2010-08-09,0.2419999987
2010-08-10,1.2415299416
2010-08-11,3.767250061
2010-08-12,1.0210599899
2010-08-13,0.4390000105
2010-08-16,0.8320000172
2010-08-17,0.8080000281
2010-08-18,0.5860000253
2010-08-19,1.6556299925
2010-08-20,0.6359999776
2010-08-23,0.7210000157
2010-08-24,1.5763700008
2010-08-25,0.8140000105
2010-08-26,0.8880000114
2010-08-27,1.2032899857
2010-08-30,0.5809999704
2010-08-31,1.5206099749
2010-09-01,2.6410300732
2010-09-02,0.2479999959
2010-09-03,1.3149499893
2010-09-07,0.6750000119
2010-09-08,0.5210000277
2010-09-09,0.9499999881
2010-09-10,0.1689999998
2010-09-13,0.8600000143
2010-09-14,0.3580000103
2010-09-15,0.3869999945
2010-09-16,0.2319999933
2010-09-17,0.4320000112
2010-09-20,0.3289999962
2010-09-21,0.5109999776
2010-09-22,0.4410000145
2010-09-23,0.9530000091
2010-09-24,1.4040600061
2010-09-27,0.2220000029
2010-09-28,0.5279999971
2010-09-29,0.4819999933
2010-09-30,1.269389987
2010-10-01,0.8149999976
2010-10-04,0.3700000048
2010-10-05,0.9520000219
2010-10-06,0.2949999869
2010-10-07,0.4059999883
2010-10-08,0.3269999921
2010-10-11,0.1430000067
2010-10-12,0.6579999924
2010-10-13,0.4690000117
2010-10-14,0.4339999855
2010-10-15,0.5289999843
2010-10-18,0.2290000021
2010-10-19,2.2547800541
2010-10-20,0.69599998
2010-10-21,0.8289999962
2010-10-22,0.1790000051
2010-10-25,0.5870000124
2010-10-26,0.5970000029
2010-10-27,0.6719999909
2010-10-28,0.5379999876
2010-10-29,0.3230000138
2010-11-01,0.7580000162
2010-11-02,0.6399999857
2010-11-03,0.8679999709
2010-11-04,1.1132400036
2010-11-05,0.2939999998
2010-11-08,0.3569999933
2010-11-09,0.4040000141
2010-11-10,0.4250000119
2010-11-11,0.7450000048
2010-11-12,0.7480000257
2010-11-15,0.4040000141
2010-11-16,1.4651199579
2010-11-17,0.2829999924
2010-11-18,1.2749600411
2010-11-19,0.2579999864
2010-11-22,0.8880000114
2010-11-23,1.5164999962
2010-11-24,0.9190000296
2010-11-26,1.0519499779
2010-11-29,1.1766699553
2010-11-30,1.0608299971
2010-12-01,2.4590899944
2010-12-02,0.2109999955
2010-12-03,0.2660000026
2010-12-06,0.1599999964
2010-12-07,0.8550000191
2010-12-08,0.2189999968
2010-12-09,0.2140000016
2010-12-10,0.1150000021
2010-12-13,0.2090000063
2010-12-14,0.1809999943
2010-12-15,0.1909999996
2010-12-16,0.2899999917
2010-12-17,0.1140000001
2010-12-20,0.1280000061
2010-12-21,0.1140000001
2010-12-22,0.0522999987
2010-12-23,0.0714000016
2010-12-27,0.2230000049
2010-12-28,0.0833000019
2010-12-29,0.1360000074
2010-12-30,0.0832000002
2010-12-31,0.1209999993
2011-01-03,0.8059999943
2011-01-04,0.1669999957
2011-01-05,0.1800000072
2011-01-06,0.2199999988
2011-01-07,0.3030000031
2011-01-10,0.4420000017
2011-01-11,0.4149999917
2011-01-12,0.3089999855
2011-01-13,0.1560000032
2011-01-14,0.1710000038
2011-01-18,0.1790000051
2011-01-19,0.2029999942
2011-01-20,0.4210000038
2011-01-21,0.5049999952
2011-01-24,0.1150000021
2011-01-25,0.4079999924
2011-01-26,0.2630000114
2011-01-27,0.1809999943
2011-01-28,0.4850000143
2011-01-31,0.2049999982
2011-02-01,0.4129999876
2011-02-02,0.1199999973
2011-02-03,0.2399999946
2011-02-04,0.2080000043
2011-02-07,0.1679999977
2011-02-08,0.1159999967
2011-02-09,0.175999999
2011-02-10,0.4810000062
2011-02-11,0.3129999936
2011-02-14,0.1309999973
2011-02-15,0.300999999
2011-02-16,0.3529999852
2011-02-17,0.172999993
2011-02-18,0.1190000027
2011-02-22,1.2176400423
2011-02-23,0.5749999881
2011-02-24,0.7039999962
2011-02-25,0.3400000036
2011-02-28,0.3670000136
2011-03-01,0.6140000224
2011-03-02,0.4180000126
2011-03-03,1.243909955
2011-03-04,0.6079999805
2011-03-07,0.6359999776
2011-03-08,0.3759999871
2011-03-09,0.4909999967
2011-03-10,2.5304899216
2011-03-11,0.5600000024
2011-03-14,0.8330000043
2011-03-15,6.660130024
2011-03-16,1.7600899935
2011-03-17,2.0218400955
2011-03-18,1.9065599442
2011-03-21,2.0325798988
2011-03-22,0.2230000049
2011-03-23,0.2829999924
2011-03-24,0.4029999971
2011-03-25,0.2450000048
2011-03-28,0.1330000013
2011-03-29,0.1679999977
2011-03-30,0.2890000045
2011-03-31,0.1439999938
2011-04-01,0.3160000145
2011-04-04,0.1529999971
2011-04-05,0.2039999962
2011-04-06,0.2829999924
2011-04-07,0.5279999971
2011-04-08,0.2700000107
2011-04-11,0.2569999993
2011-04-12,0.7689999938
2011-04-13,0.4850000143
2011-04-14,0.5090000033
2011-04-15,0.2440000027
2011-04-18,2.5689001083
2011-04-19,0.300999999
2011-04-20,1.7044399977
2011-04-21,0.1420000046
2011-04-25,0.1030000001
2011-04-26,0.2150000036
2011-04-27,0.2150000036
2011-04-28,0.1509999931
2011-04-29,0.1209999993
2011-05-02,0.4659999907
2011-05-03,0.2579999864
2011-05-04,0.5619999766
2011-05-05,1.1095099449
2011-05-06,2.0476300716
2011-05-09,0.2680000067
2011-05-10,0.1800000072
2011-05-11,0.4670000076
2011-05-12,0.5479999781
2011-05-13,0.4850000143
2011-05-16,0.4709999859
2011-05-17,1.0220700502
2011-05-18,0.2870000005
2011-05-19,0.4889999926
2011-05-20,0.4329999983
2011-05-23,2.0535399914
2011-05-24,0.2919999957
2011-05-25,0.3190000057
2011-05-26,0.3980000019
2011-05-27,0.351000011
2011-05-31,1.135619998
2011-06-01,0.621999979
2011-06-02,0.5720000267
2011-06-03,1.4175900221
2011-06-06,0.3170000017
2011-06-07,0.4560000002
2011-06-08,0.4040000141
2011-06-09,0.2189999968
2011-06-10,0.7659999728
2011-06-13,0.5070000291
2011-06-14,0.7919999957
2011-06-15,1.2536100149
2011-06-16,0.6240000129
2011-06-17,0.97299999
2011-06-20,0.3449999988
2011-06-21,0.2860000134
2011-06-22,0.3519999981
2011-06-23,3.3335199356
2011-06-24,0.4609999955
2011-06-27,0.3919999897
2011-06-28,0.3389999866
2011-06-29,0.3459999859
2011-06-30,0.4040000141
2011-07-01,0.4709999859
2011-07-05,0.2849999964
2011-07-06,0.2469999939
2011-07-07,0.3440000117
2011-07-08,0.9240000248
2011-07-11,1.1873799563
2011-07-12,0.6779999733
2011-07-13,0.7900000215
2011-07-14,0.7919999957
2011-07-15,0.8109999895
2011-07-18,0.8619999886
2011-07-19,1.1342799664
2011-07-20,0.2169999927
2011-07-21,0.7519999743
2011-07-22,0.2080000043
2011-07-25,0.9890000224
2011-07-26,0.3140000105
2011-07-27,0.8790000081
2011-07-28,0.40200001
2011-07-29,1.8106800318
2011-08-01,2.8729500771
2011-08-02,1.1378200054
2011-08-03,1.7978099585
2011-08-04,3.7606799603
2011-08-05,8.717300415
2011-08-08,8.7452697754
2011-08-09,13.0802402496
2011-08-10,14.2752199173
2011-08-11,6.249229908
2011-08-12,3.2924900055
2011-08-15,1.6719299555
2011-08-16,2.2530500889
2011-08-17,1.1602499485
2011-08-18,9.7885799408
2011-08-19,3.7508399487
2011-08-22,4.3786997795
2011-08-23,1.9752099514
2011-08-24,1.5577399731
2011-08-25,2.3822500706
2011-08-26,3.0656199455
2011-08-29,2.5354399681
2011-08-30,1.454949975
2011-08-31,1.6013200283
2011-09-01,1.7236800194
2011-09-02,4.1133599281
2011-09-06,6.765059948
2011-09-07,1.6369099617
2011-09-08,1.3648300171
2011-09-09,3.6642398834
2011-09-12,2.9548099041
2011-09-13,1.4953099489
2011-09-14,2.376529932
2011-09-15,1.5725899935
2011-09-16,1.0211000443
2011-09-19,2.9950799942
2011-09-20,0.8109999895
2011-09-21,1.8741999865
2011-09-22,11.9907102585
2011-09-23,2.713269949
2011-09-26,3.054019928
2011-09-27,4.7786397934
2011-09-28,2.3134400845
2011-09-29,5.4356799126
2011-09-30,4.6317300797
2011-10-03,3.9222800732
2011-10-04,6.3734002113
2011-10-05,2.1495599747
2011-10-06,1.3495800495
2011-10-07,1.9746700525
2011-10-10,3.26541996
2011-10-11,0.9430000186
2011-10-12,1.246170044
2011-10-13,1.3336499929
2011-10-14,1.5427000523
2011-10-17,1.2640500069
2011-10-18,1.9190200567
2011-10-19,1.0240399838
2011-10-20,1.3935799599
2011-10-21,1.8548400402
2011-10-24,0.5590000153
2011-10-25,1.8251099587
2011-10-26,3.181030035
2011-10-27,5.4498500824
2011-10-28,0.5789999962
2011-10-31,1.9101799727
2011-11-01,7.6407599449
2011-11-02,2.6140398979
2011-11-03,2.4697299004
2011-11-04,1.2912900448
2011-11-07,0.8249999881
2011-11-08,1.0074800253
2011-11-09,4.6410698891
2011-11-10,2.3916900158
2011-11-11,2.4083299637
2011-11-14,0.5460000038
2011-11-15,0.8920000196
2011-11-16,2.0622999668
2011-11-17,1.8048399687
2011-11-18,0.7749999762
2011-11-21,2.6305699348
2011-11-22,0.9900000095
2011-11-23,1.9490200281
2011-11-25,0.6159999967
2011-11-28,6.0839900971
2011-11-29,0.5920000076
2011-11-30,7.555970192
2011-12-01,0.5389999747
2011-12-02,1.0595300198
2011-12-05,2.1256799698
2011-12-06,0.4250000119
2011-12-07,0.8450000286
2011-12-08,1.1430399418
2011-12-09,0.9819999933
2011-12-12,1.3374199867
2011-12-13,1.6724200249
2011-12-14,1.2868900299
2011-12-15,1.4399600029
2011-12-16,0.9449999928
2011-12-19,0.7509999871
2011-12-20,2.7442600727
2011-12-21,0.574000001
2011-12-22,0.1940000057
2011-12-23,0.2179999948
2011-12-27,0.175999999
2011-12-28,0.3230000138
2011-12-29,0.2860000134
2011-12-30,0.2070000023
2012-01-03,2.9323499203
2012-01-04,0.2399999946
2012-01-05,0.6150000095
2012-01-06,0.3000000119
2012-01-09,0.199000001
2012-01-10,0.9769999981
2012-01-11,0.3619999886
2012-01-12,0.2450000048
2012-01-13,1.0340199471
2012-01-17,0.9089999795
2012-01-18,0.3179999888
2012-01-19,0.1800000072
2012-01-20,0.1659999937
2012-01-23,0.2199999988
2012-01-24,0.4090000093
2012-01-25,0.6999999881
2012-01-26,0.4779999852
2012-01-27,0.3429999948
2012-01-30,0.8410000205
2012-01-31,0.7459999919
2012-02-01,0.8579999805
2012-02-02,0.1979999989
2012-02-03,0.9639999866
2012-02-06,0.3630000055
2012-02-07,0.2189999968
2012-02-08,0.1580000073
2012-02-09,0.2720000148
2012-02-10,0.8550000191
2012-02-13,0.3980000019
2012-02-14,0.2709999979
2012-02-15,0.4329999983
2012-02-16,0.2469999939
2012-02-17,0.2109999955
2012-02-21,0.2709999979
2012-02-22,0.224999994
2012-02-23,0.2649999857
2012-02-24,0.1710000038
2012-02-27,0.5799999833
2012-02-28,0.2269999981
2012-02-29,0.4050000012
2012-03-01,0.4909999967
2012-03-02,0.2169999927
2012-03-05,0.3100000024
2012-03-06,1.4089100361
2012-03-07,0.2129999995
2012-03-08,0.4569999874
2012-03-09,0.1840000004
2012-03-12,0.1879999936
2012-03-13,0.4129999876
2012-03-14,0.1539999992
2012-03-15,0.1309999973
2012-03-16,0.1379999965
2012-03-19,0.1089999974
2012-03-20,0.4810000062
2012-03-21,0.1480000019
2012-03-22,0.3770000041
2012-03-23,0.1379999965
2012-03-26,0.6399999857
2012-03-27,0.126000002
2012-03-28,0.298999995
2012-03-29,0.5109999776
2012-03-30,0.2349999994
2012-04-02,0.224999994
2012-04-03,0.4600000083
2012-04-04,1.1065399647
2012-04-05,0.2430000007
2012-04-09,1.2206399441
2012-04-10,0.5500000119
2012-04-11,0.8109999895
2012-04-12,0.1940000057
2012-04-13,0.4469999969
2012-04-16,1.2310800552
2012-04-17,0.9890000224
2012-04-18,0.5090000033
2012-04-19,0.7070000172
2012-04-20,0.4970000088
2012-04-23,1.2724699974
2012-04-24,0.3799999952
2012-04-25,0.6079999805
2012-04-26,0.1899999976
2012-04-27,0.2119999975
2012-04-30,0.1609999985
2012-05-01,0.3569999933
2012-05-02,0.2939999998
2012-05-03,0.3359999955
2012-05-04,0.5120000243
2012-05-07,0.4079999924
2012-05-08,0.8470000029
2012-05-09,1.4016000032
2012-05-10,0.6669999957
2012-05-11,0.5389999747
2012-05-14,0.8309999704
2012-05-15,0.5360000134
2012-05-16,0.6859999895
2012-05-17,0.6679999828
2012-05-18,0.6980000138
2012-05-21,0.4410000145
2012-05-22,0.6430000067
2012-05-23,1.0495200157
2012-05-24,0.6840000153
2012-05-25,0.3420000076
2012-05-29,0.6819999814
2012-05-30,1.1667599678
2012-05-31,0.7220000029
2012-06-01,1.9684000015
2012-06-04,0.4160000086
2012-06-05,0.3880000114
2012-06-06,0.9530000091
2012-06-07,1.4809999466
2012-06-08,0.47299999
2012-06-11,0.8100000024
2012-06-12,0.7039999962
2012-06-13,0.5780000091
2012-06-14,0.8410000205
2012-06-15,0.4040000141
2012-06-18,0.5720000267
2012-06-19,0.550999999
2012-06-20,0.6549999714
2012-06-21,0.6629999876
2012-06-22,0.4230000079
2012-06-25,1.3066999912
2012-06-26,0.3709999919
2012-06-27,0.3280000091
2012-06-28,1.1852799654
2012-06-29,2.364180088
2012-07-02,0.4309999943
2012-07-03,0.1720000058
2012-07-05,0.4329999983
2012-07-06,1.0272699595
2012-07-09,0.2329999954
2012-07-10,0.8610000014
2012-07-11,0.5320000052
2012-07-12,0.8130000234
2012-07-13,0.4709999859
2012-07-16,0.3280000091
2012-07-17,0.898999989
2012-07-18,0.2980000079
2012-07-19,0.4149999917
2012-07-20,0.5989999771
2012-07-23,3.2530500889
2012-07-24,0.7200000286
2012-07-25,1.0786999464
2012-07-26,3.7293300629
2012-07-27,0.7559999824
2012-07-30,0.2599999905
2012-07-31,0.2879999876
2012-08-01,0.8050000072
2012-08-02,1.0945299864
2012-08-03,1.9436899424
2012-08-06,0.199000001
2012-08-07,0.2939999998
2012-08-08,0.2310000062
2012-08-09,0.1519999951
2012-08-10,0.3619999886
2012-08-13,0.2339999974
2012-08-14,0.202000007
2012-08-15,0.1220000014
2012-08-16,0.1550000012
2012-08-17,0.0953999981
2012-08-20,0.1150000021
2012-08-21,0.2099999934
2012-08-22,0.25
2012-08-23,0.3459999859
2012-08-24,0.2380000055
2012-08-27,0.1299999952
2012-08-28,0.2119999975
2012-08-29,0.123999998
2012-08-30,0.476000011
2012-08-31,1.2633999586
2012-09-04,0.2949999869
2012-09-05,0.2210000008
2012-09-06,1.3110100031
2012-09-07,0.0982000008
2012-09-10,0.1369999945
2012-09-11,0.1539999992
2012-09-12,0.2230000049
2012-09-13,0.5460000038
2012-09-14,0.3899999857
2012-09-17,0.112999998
2012-09-18,0.1669999957
2012-09-19,0.2639999986
2012-09-20,0.2590000033
2012-09-21,0.2220000029
2012-09-24,0.2469999939
2012-09-25,0.2790000141
2012-09-26,0.2870000005
2012-09-27,0.3079999983
2012-09-28,0.5249999762
2012-10-01,0.8610000014
2012-10-02,0.425999999
2012-10-03,0.2540000081
2012-10-04,0.3359999955
2012-10-05,0.4950000048
2012-10-08,0.2119999975
2012-10-09,0.2469999939
2012-10-10,0.2349999994
2012-10-11,0.3400000036
2012-10-12,0.2549999952
2012-10-15,0.2479999959
2012-10-16,0.2630000114
2012-10-17,0.2160000056
2012-10-18,0.1899999976
2012-10-19,0.6230000257
2012-10-22,0.4230000079
2012-10-23,1.806049943
2012-10-24,0.3120000064
2012-10-25,0.773999989
2012-10-26,0.4909999967
2012-10-31,0.5310000181
2012-11-01,0.5939999819
2012-11-02,0.3589999974
2012-11-05,0.201000005
2012-11-06,0.5080000162
2012-11-07,2.389770031
2012-11-08,0.5669999719
2012-11-09,0.8669999838
2012-11-12,0.1819999963
2012-11-13,0.6409999728
2012-11-14,0.7390000224
2012-11-15,0.6710000038
2012-11-16,0.75
2012-11-19,0.90200001
2012-11-20,0.5839999914
2012-11-21,0.126000002
2012-11-23,0.3880000114
2012-11-26,0.5400000215
2012-11-27,0.4029999971
2012-11-28,0.8080000281
2012-11-29,0.6850000024
2012-11-30,0.2730000019
2012-12-03,0.474999994
2012-12-04,0.3140000105
2012-12-05,0.4860000014
2012-12-06,0.200000003
2012-12-07,0.449000001
2012-12-10,0.1230000034
2012-12-11,0.3600000143
2012-12-12,0.2820000052
2012-12-13,0.2569999993
2012-12-14,0.2080000043
2012-12-17,0.2460000068
2012-12-18,0.2210000008
2012-12-19,0.2240000069
2012-12-20,0.3759999871
2012-12-21,1.5823800564
2012-12-24,0.0976999998
2012-12-26,0.2389999926
2012-12-27,0.6529999971
2012-12-28,0.675999999
2012-12-31,0.9660000205
2013-01-02,3.203799963
2013-01-03,0.3519999981
2013-01-04,0.1879999936
2013-01-07,0.3230000138
2013-01-08,0.1529999971
2013-01-09,0.1949999928
2013-01-10,0.2210000008
2013-01-11,0.1330000013
2013-01-14,0.1049999967
2013-01-15,0.1669999957
2013-01-16,0.2370000035
2013-01-17,0.1790000051
2013-01-18,0.0935999975
2013-01-22,0.1030000001
2013-01-23,0.202000007
2013-01-24,0.2230000049
2013-01-25,0.2060000002
2013-01-28,0.0935000032
2013-01-29,0.1340000033
2013-01-30,0.1560000032
2013-01-31,0.2560000122
2013-02-01,0.451000005
2013-02-04,0.67900002
2013-02-05,0.40200001
2013-02-06,0.375
2013-02-07,0.2930000126
2013-02-08,0.1289999932
2013-02-11,0.1070000008
2013-02-12,0.0697999969
2013-02-13,0.1190000027
2013-02-14,0.2230000049
2013-02-15,0.2280000001
2013-02-19,0.1099999994
2013-02-20,0.2169999927
2013-02-21,0.3000000119
2013-02-22,0.3670000136
2013-02-25,0.7390000224
2013-02-26,0.6809999943
2013-02-27,0.2440000027
2013-02-28,0.2899999917
2013-03-01,0.7480000257
2013-03-04,0.2549999952
2013-03-05,0.4740000069
2013-03-06,0.2259999961
2013-03-07,0.1410000026
2013-03-08,0.3840000033
2013-03-11,0.0744000003
2013-03-12,0.1190000027
2013-03-13,0.1040000021
2013-03-14,0.1209999993
2013-03-15,0.1430000067
2013-03-18,0.6600000262
2013-03-19,0.5809999704
2013-03-20,0.4350000024
2013-03-21,0.4790000021
2013-03-22,0.2870000005
2013-03-25,0.3829999864
2013-03-26,0.2669999897
2013-03-27,0.7319999933
2013-03-28,0.1350000054
2013-04-01,0.1959999949
2013-04-02,0.2840000093
2013-04-03,0.3019999862
2013-04-04,0.3840000033
2013-04-05,1.37421
2013-04-08,0.199000001
2013-04-09,0.2070000023
2013-04-10,0.3759999871
2013-04-11,0.2060000002
2013-04-12,0.3379999995
2013-04-15,1.0216300488
2013-04-16,0.6480000019
2013-04-17,0.8560000062
2013-04-18,0.4390000105
2013-04-19,0.3379999995
2013-04-22,0.3160000145
2013-04-23,1.9974700213
2013-04-24,0.1410000026
2013-04-25,0.2549999952
2013-04-26,0.1780000031
2013-04-29,0.1299999952
2013-04-30,0.2720000148
2013-05-01,0.4050000012
2013-05-02,0.2269999981
2013-05-03,0.9060000181
2013-05-06,0.0698999986
2013-05-07,0.1430000067
2013-05-08,0.0833000019
2013-05-09,0.2479999959
2013-05-10,0.2610000074
2013-05-13,0.1330000013
2013-05-14,0.1330000013
2013-05-15,0.2150000036
2013-05-16,0.2619999945
2013-05-17,0.2259999961
2013-05-20,0.172999993
2013-05-21,0.27700001
2013-05-22,0.8339999914
2013-05-23,0.7580000162
2013-05-24,0.2899999917
2013-05-28,1.2150599957
2013-05-29,0.6669999957
2013-05-30,0.3610000014
2013-05-31,0.6650000215
